Aika,Har_WS,Har_Dir,Har_Gust,Har_Temp,Har_Pres,Har_Cloud,DeltaT,Laru_FMI_WS,Oraakkeli_WS
2026-03-12 10:38,9.03,214.0,11.5,2.6,1008.9,100.0,0.5,7.76,3.1
2026-03-12 11:45,10.61,228.0,12.8,2.5,1009.5,100.0,0.8,8.94,3.8
2026-03-12 14:37,8.77,233.0,12.3,1.5,1010.8,100.0,0.9,5.81,3.2
2026-03-12 17:35,6.75,233.0,9.1,1.8,1012.4,99.7,0.5,5.84,2.0
2026-03-12 19:53,9.29,221.0,11.2,2.2,1013.1,99.9,0.0,6.55,4.1
2026-03-12 21:05,10.18,220.0,13.1,1.6,1013.6,100.0,0.0,8.88,2.4
2026-03-12 22:00,10.21,221.0,13.4,1.7,1013.2,100.0,-0.1,8.92,2.7
2026-03-12 22:58,9.9,222.0,12.4,1.6,1013.3,100.0,0.0,10.1,2.6
2026-03-12 23:54,9.91,224.0,12.9,1.4,1013.4,100.0,0.1,9.78,3.0
2026-03-13 05:05,13.69,191.0,17.2,1.5,1011.0,99.7,0.2,11.71,5.4
2026-03-13 07:52,12.75,188.0,16.7,1.8,1011.0,99.4,0.6,11.57,4.8
2026-03-13 09:59,11.06,182.0,15.0,2.2,1011.0,96.8,1.1,10.16,4.1
2026-03-13 11:46,9.77,184.0,12.6,3.0,1010.6,96.0,1.4,8.59,4.0
2026-03-13 14:30,8.97,175.0,11.4,3.7,1008.7,66.3,1.3,8.45,4.3
2026-03-13 16:06,9.01,174.0,11.0,3.6,1007.8,85.0,0.7,8.65,2.6
2026-03-13 18:00,8.94,176.0,10.8,3.2,1007.4,86.5,0.4,7.96,5.1
2026-03-13 19:50,9.89,178.0,11.9,3.5,1007.2,69.1,0.4,8.86,4.2
2026-03-13 21:48,9.64,182.0,11.6,3.4,1006.8,48.8,0.4,9.11,3.5
2026-03-13 22:58,9.05,180.0,11.6,3.0,1006.8,73.8,0.6,8.42,2.6
2026-03-13 23:56,8.23,176.0,10.8,2.9,1006.5,76.2,0.6,7.11,2.5
2026-03-14 05:01,8.36,165.0,11.3,2.9,1006.4,98.3,0.9,7.62,3.5
2026-03-14 07:25,6.99,165.0,9.2,2.8,1006.8,99.7,1.7,4.95,3.5
2026-03-14 09:03,4.39,144.0,7.1,2.8,1007.5,99.8,2.9,3.33,2.8
2026-03-14 10:01,5.24,148.0,7.6,2.9,1006.8,99.7,2.9,2.85,3.3
2026-03-14 11:01,3.2,88.0,4.0,2.7,1006.8,99.5,4.1,3.52,1.8
2026-03-14 11:56,3.2,88.0,4.0,2.7,1006.8,99.5,4.1,3.52,1.8
2026-03-14 14:59,5.73,158.0,6.8,2.9,1005.8,99.8,2.8,2.05,2.8
2026-03-14 15:53,5.71,167.0,6.9,3.2,1006.1,98.9,1.6,1.75,1.8
2026-03-14 17:01,6.58,159.0,7.7,3.1,1006.9,92.1,0.5,2.95,3.1
2026-03-14 17:58,6.58,159.0,7.7,3.1,1006.9,92.1,0.5,2.95,3.1
2026-03-14 19:54,8.44,165.0,10.6,4.2,1007.5,98.4,1.4,7.58,2.2
2026-03-14 20:57,8.66,171.0,10.3,4.0,1008.0,97.6,1.2,7.84,2.2
2026-03-14 22:58,9.84,169.0,11.8,3.8,1008.2,87.5,0.9,8.41,5.4
2026-03-14 23:55,9.84,169.0,11.8,3.8,1008.2,87.5,0.9,8.41,3.8
2026-03-15 09:50,2.91,176.0,5.5,2.6,1010.3,97.0,2.6,3.57,1.2
2026-03-15 11:00,3.78,115.0,4.5,2.4,1009.4,99.2,3.9,3.38,1.9
2026-03-15 11:55,3.78,115.0,4.5,2.4,1009.4,99.2,3.9,3.38,1.9
2026-03-15 14:00,3.37,120.0,4.9,2.2,1008.5,7.0,2.7,2.54,1.4
2026-03-15 15:01,2.65,186.0,3.4,2.9,1008.7,100.0,1.5,2.66,1.3
2026-03-15 15:59,2.93,191.0,3.5,3.2,1008.4,100.0,1.5,2.82,1.7
2026-03-15 17:02,5.3,220.0,6.3,2.6,1009.0,100.0,1.1,4.68,2.0
2026-03-15 18:00,7.37,238.0,8.8,2.3,1009.4,100.0,1.2,7.45,2.1
2026-03-15 19:44,8.97,234.0,11.0,1.9,1009.6,100.0,1.0,6.58,2.3
2026-03-15 20:58,7.46,245.0,11.0,1.7,1010.3,100.0,1.0,4.96,1.9
2026-03-15 22:59,5.74,247.0,7.0,1.6,1011.8,100.0,1.1,3.91,1.8
2026-03-15 23:57,5.74,247.0,7.0,1.6,1011.8,100.0,0.5,3.91,1.8
2026-03-16 06:05,2.42,226.0,3.7,1.4,1014.8,99.9,1.4,1.75,0.7
2026-03-16 09:50,4.22,201.0,5.5,1.2,1015.8,98.6,1.7,3.76,1.3
2026-03-16 10:52,3.56,194.0,5.0,1.3,1015.8,99.0,1.9,4.14,2.2
2026-03-16 11:45,3.0,183.0,4.2,1.2,1015.9,93.3,2.0,3.64,1.2
2026-03-16 13:09,1.85,160.0,3.7,1.0,1015.9,99.9,1.5,2.36,1.1
2026-03-16 14:40,1.95,134.0,2.5,1.0,1016.2,100.0,1.4,1.88,1.0
2026-03-16 15:45,2.76,129.0,3.5,1.1,1016.3,100.0,1.0,2.27,1.1
2026-03-16 17:00,3.02,123.0,3.8,1.2,1016.6,100.0,1.0,2.35,1.0
2026-03-16 18:04,2.86,119.0,3.7,1.2,1016.6,100.0,1.1,2.25,1.0
2026-03-16 19:31,2.79,104.0,3.8,1.1,1016.9,100.0,1.0,2.62,1.4
2026-03-16 20:03,3.24,102.0,4.0,1.0,1017.0,100.0,1.1,2.62,1.0
2026-03-16 21:00,4.08,100.0,5.0,0.7,1017.1,100.0,1.0,3.43,0.7
2026-03-16 21:50,4.17,101.0,5.1,0.6,1017.0,100.0,1.0,3.34,0.7
2026-03-16 22:31,3.81,81.0,5.2,0.7,1017.1,100.0,0.5,3.34,1.1
2026-03-16 23:00,4.52,79.0,5.7,0.9,1017.2,100.0,0.5,3.89,1.3
2026-03-16 23:46,4.52,79.0,5.7,0.9,1017.2,100.0,0.6,3.89,1.3
2026-03-17 02:01,3.85,80.0,5.4,0.8,1017.8,100.0,0.8,3.29,1.4
2026-03-17 04:27,2.51,156.0,3.5,1.1,1018.6,100.0,0.7,2.28,0.6
2026-03-17 05:45,1.55,189.0,3.1,1.0,1019.5,100.0,1.0,1.14,0.4
2026-03-17 07:02,2.91,212.0,3.5,1.3,1020.4,100.0,1.2,1.96,0.9
2026-03-17 08:03,3.23,210.0,3.9,1.3,1021.3,100.0,1.7,2.25,1.0
2026-03-17 09:10,3.03,217.0,4.1,0.4,1021.6,100.0,1.8,1.75,0.9
2026-03-17 10:10,3.01,227.0,3.7,0.4,1022.3,100.0,1.8,1.83,1.0
2026-03-17 11:11,3.51,223.0,4.2,0.2,1022.9,100.0,2.5,2.52,1.3
2026-03-17 11:57,3.51,223.0,4.2,0.2,1022.9,100.0,2.5,2.52,1.3
2026-03-17 13:22,3.92,229.0,4.6,0.6,1023.8,100.0,2.0,2.94,1.7
2026-03-17 14:41,4.87,227.0,5.7,0.6,1024.3,100.0,1.8,3.5,1.7
2026-03-17 16:05,5.94,239.0,7.1,0.7,1025.2,99.7,1.3,3.33,1.8
2026-03-17 17:30,5.3,243.0,7.0,0.9,1026.0,100.0,1.5,3.79,2.0
2026-03-17 18:33,6.75,247.0,8.0,0.9,1026.8,97.5,1.1,4.97,2.2
2026-03-17 19:38,4.19,239.0,8.1,0.7,1027.5,100.0,1.2,3.47,1.1
2026-03-17 20:20,4.91,238.0,5.8,0.4,1027.9,100.0,1.3,4.48,1.6
2026-03-17 21:09,5.58,250.0,7.0,0.6,1028.3,100.0,0.9,5.66,2.4
2026-03-17 21:55,5.58,250.0,7.0,0.6,1028.3,100.0,0.9,5.66,2.4
2026-03-17 22:32,5.93,251.0,7.2,0.6,1028.8,100.0,0.8,5.4,2.2
2026-03-17 23:04,5.93,251.0,7.2,0.6,1028.8,100.0,0.7,5.04,2.1
2026-03-17 23:48,6.17,248.0,7.6,0.4,1028.7,100.0,0.9,5.04,1.9
2026-03-18 02:05,5.39,234.0,6.9,0.3,1029.5,100.0,0.7,3.81,1.3
2026-03-18 04:33,6.79,202.0,8.1,0.4,1029.7,100.0,0.4,6.02,1.1
2026-03-18 05:48,7.79,211.0,9.5,0.4,1030.0,100.0,0.5,6.37,2.1
2026-03-18 07:00,8.38,221.0,10.7,0.4,1030.7,100.0,0.8,6.89,2.4
2026-03-18 08:02,8.57,222.0,10.4,0.3,1030.9,100.0,0.9,7.38,2.9
2026-03-18 09:09,8.33,225.0,10.3,0.3,1030.6,100.0,1.0,7.06,3.9
2026-03-18 10:13,8.51,223.0,10.3,0.4,1030.4,100.0,1.0,7.21,2.8
2026-03-18 11:12,8.55,224.0,10.4,0.4,1030.0,100.0,1.1,7.06,3.1
2026-03-18 12:01,9.06,226.0,11.0,0.6,1029.5,100.0,0.9,7.63,4.2
2026-03-18 13:55,8.9,232.0,11.4,0.6,1029.0,100.0,1.0,8.3,3.5
2026-03-18 15:02,8.44,238.0,11.5,0.7,1028.2,99.8,0.8,8.64,2.9
2026-03-18 16:34,8.22,242.0,10.4,0.3,1027.7,49.6,0.9,7.45,3.0
2026-03-18 17:42,8.25,235.0,10.0,0.3,1027.1,75.3,0.4,6.95,2.4
2026-03-18 18:57,8.32,230.0,10.1,0.3,1026.6,97.0,0.2,7.47,2.4
2026-03-18 19:51,8.96,224.0,10.9,0.3,1026.3,100.0,0.5,8.76,4.0
2026-03-18 20:34,11.23,232.0,13.8,0.2,1025.7,100.0,0.3,9.39,3.5
2026-03-18 21:07,11.63,233.0,14.4,-0.1,1025.2,100.0,0.3,8.93,3.1
2026-03-18 21:51,11.63,233.0,14.4,-0.1,1025.2,100.0,0.3,8.93,3.1
2026-03-18 22:31,11.63,233.0,14.4,-0.1,1025.2,100.0,0.3,8.69,2.9
2026-03-18 23:01,10.07,232.0,13.3,-0.1,1024.0,100.0,0.3,8.08,2.5
2026-03-18 23:45,9.92,230.0,13.1,-0.1,1023.7,100.0,0.3,8.22,2.5
2026-03-19 02:06,9.44,233.0,11.7,0.0,1022.1,100.0,0.4,7.73,2.3
2026-03-19 04:32,9.99,234.0,12.3,0.1,1020.8,100.0,0.6,7.43,2.1
2026-03-19 05:45,9.89,234.0,12.2,0.1,1020.3,100.0,0.6,7.44,3.1
2026-03-19 06:56,9.89,234.0,12.0,0.2,1019.9,100.0,0.6,7.45,3.3
2026-03-19 07:48,9.83,236.0,12.1,0.2,1019.7,100.0,0.6,6.94,3.5
2026-03-19 08:40,9.72,236.0,11.9,0.2,1019.4,100.0,0.9,6.74,3.2
2026-03-19 09:41,9.28,240.0,11.8,0.1,1019.1,100.0,1.2,6.45,4.7
2026-03-19 10:38,8.64,240.0,11.2,0.1,1018.6,100.0,1.4,5.33,4.4
2026-03-19 11:22,8.32,240.0,10.4,0.1,1018.2,100.0,1.5,4.73,4.3
2026-03-19 12:02,8.32,240.0,10.4,0.1,1018.2,100.0,1.8,4.73,3.6
2026-03-19 13:43,6.07,240.0,8.0,0.1,1017.4,100.0,2.2,3.37,3.5
2026-03-19 14:45,5.99,245.0,7.3,0.1,1017.2,100.0,2.3,3.28,2.3
2026-03-19 15:53,5.13,253.0,9.0,2.0,1016.6,100.0,1.5,3.55,2.6
2026-03-19 16:56,5.17,246.0,6.2,2.0,1016.2,80.2,0.7,3.28,1.9
2026-03-19 17:53,5.31,262.0,6.6,2.1,1016.1,0.1,0.2,3.28,2.1
2026-03-19 18:57,4.9,281.0,6.3,2.4,1016.4,0.0,-0.2,3.3,2.5
2026-03-19 19:48,3.79,295.0,5.7,2.4,1016.7,0.0,-0.2,2.57,1.0
2026-03-19 20:36,3.64,285.0,4.4,2.3,1017.3,0.0,-0.4,2.5,1.1
2026-03-19 21:07,3.76,295.0,4.7,2.2,1017.5,0.0,-0.6,2.98,2.3
2026-03-19 21:50,3.76,295.0,4.7,2.2,1017.5,0.0,-0.4,2.98,2.3
2026-03-19 22:27,3.84,306.0,5.0,1.9,1017.5,0.0,-0.6,2.82,1.2
2026-03-19 23:00,3.84,306.0,5.0,1.9,1017.5,0.0,-0.8,2.82,1.6
2026-03-19 23:46,4.55,311.0,5.6,1.6,1017.2,0.0,-0.4,3.55,2.0
2026-03-20 02:00,4.94,328.0,6.4,1.3,1017.6,0.0,-0.6,3.78,1.8
2026-03-20 04:21,4.42,337.0,6.4,1.0,1018.0,0.0,-0.4,3.5,2.0
2026-03-20 05:39,4.48,330.0,5.5,1.1,1018.2,0.0,0.2,3.73,2.4
2026-03-20 06:35,3.86,332.0,5.5,1.9,1018.7,3.2,0.9,3.5,1.5
2026-03-20 07:32,2.65,329.0,4.6,2.7,1019.1,0.1,1.7,2.47,1.2
2026-03-20 08:05,2.01,276.0,3.1,3.1,1019.5,18.1,2.9,1.8,0.7
2026-03-20 09:01,3.24,239.0,3.7,2.7,1019.7,2.2,5.0,2.33,1.7
2026-03-20 09:59,2.4,255.0,2.8,3.4,1019.8,8.3,4.2,2.03,1.1
2026-03-20 10:51,3.68,231.0,4.2,3.0,1020.0,0.0,5.8,2.68,1.6
2026-03-20 11:33,4.86,226.0,5.6,2.5,1020.1,0.0,6.8,2.43,1.7
2026-03-20 11:58,4.86,226.0,5.6,2.5,1020.1,0.0,6.8,2.43,1.7
2026-03-20 14:08,5.18,240.0,6.6,2.9,1020.1,92.8,5.6,3.17,2.0
2026-03-20 15:09,4.77,248.0,6.4,3.5,1019.6,92.5,4.6,2.98,2.2
2026-03-20 16:00,3.89,254.0,5.5,4.0,1019.8,0.0,4.1,2.63,1.6
2026-03-20 16:56,3.89,254.0,5.5,4.0,1019.8,0.0,2.6,2.63,1.6
2026-03-20 17:37,3.35,257.0,4.5,3.9,1020.3,0.0,1.5,2.38,1.4
2026-03-20 18:05,3.5,255.0,4.1,3.3,1020.6,22.9,2.1,2.6,1.1
2026-03-20 19:08,3.45,265.0,4.0,3.4,1020.3,30.6,1.0,2.6,1.2
2026-03-20 19:50,4.08,290.0,4.8,3.3,1020.8,53.4,0.6,3.5,1.1
2026-03-20 20:31,3.18,289.0,4.7,3.0,1021.0,31.4,0.3,2.54,0.9
2026-03-20 21:01,2.58,260.0,3.7,2.6,1021.0,1.4,0.2,1.97,1.2
2026-03-20 21:47,2.56,255.0,3.7,2.5,1021.1,46.9,0.2,2.06,1.1
2026-03-20 22:27,3.29,234.0,3.9,2.2,1021.2,0.0,0.0,2.41,0.8
2026-03-20 22:59,3.29,234.0,3.9,2.2,1021.2,0.0,0.0,2.41,0.8
2026-03-20 23:38,4.2,244.0,5.0,2.1,1020.8,0.0,-0.3,2.98,1.3
2026-03-20 23:57,4.2,244.0,5.0,2.1,1020.8,0.0,-0.3,2.98,1.3
2026-03-21 02:25,4.96,235.0,5.9,2.0,1021.1,0.0,-0.6,3.15,1.2
2026-03-21 04:18,6.57,225.0,7.9,2.2,1021.0,0.1,0.0,4.51,1.7
2026-03-21 05:14,6.74,231.0,8.1,2.2,1021.2,0.0,0.0,4.39,2.1
2026-03-21 05:57,6.74,231.0,8.1,2.2,1021.2,0.0,0.6,4.39,2.1
2026-03-21 06:51,7.36,229.0,8.9,2.3,1021.1,10.3,1.5,5.17,2.3
2026-03-21 07:32,8.06,225.0,9.7,2.3,1021.5,0.6,2.2,5.17,2.3
2026-03-21 07:56,8.06,225.0,9.7,2.3,1021.5,0.6,2.2,5.86,2.3
2026-03-21 08:35,8.06,225.0,9.7,2.3,1021.5,0.6,2.5,5.86,2.7
2026-03-21 09:01,9.17,226.0,11.1,2.3,1021.7,8.4,2.5,7.37,4.3
2026-03-21 09:48,8.71,225.0,10.5,2.2,1022.1,26.9,2.5,7.29,4.1
2026-03-21 10:25,8.71,225.0,10.5,2.2,1022.1,26.9,2.8,7.29,2.8
2026-03-21 10:57,9.0,227.0,10.9,2.5,1021.9,62.4,2.5,7.42,2.9
2026-03-21 11:26,9.0,227.0,10.9,2.5,1021.9,62.4,2.9,7.42,3.2
2026-03-21 11:52,9.24,228.0,11.2,2.7,1021.4,61.9,2.7,7.76,3.3
2026-03-21 12:45,8.92,234.0,11.5,3.1,1020.8,99.1,2.8,7.72,4.6
2026-03-21 13:41,8.52,236.0,10.7,3.3,1020.4,85.7,2.9,7.68,3.4
2026-03-21 14:26,8.12,239.0,10.2,3.4,1020.6,61.8,2.8,7.14,3.0
2026-03-21 14:57,8.12,239.0,10.2,3.4,1020.6,61.8,2.6,7.14,3.0
2026-03-21 15:30,7.34,242.0,10.1,3.5,1020.5,24.2,2.0,6.66,3.4
2026-03-21 15:53,7.34,242.0,10.1,3.5,1020.5,24.2,2.0,6.66,3.4
2026-03-21 16:28,7.34,242.0,10.1,3.5,1020.5,24.2,1.2,6.66,2.6
2026-03-21 16:58,6.92,237.0,8.7,3.2,1020.7,4.2,1.5,6.24,2.1
2026-03-21 17:32,7.44,227.0,8.8,3.3,1020.7,82.8,0.8,5.98,2.8
2026-03-21 17:55,7.44,227.0,8.8,3.3,1020.7,82.8,0.8,5.98,2.8
2026-03-21 18:35,7.18,206.0,8.7,3.1,1020.5,47.6,0.8,6.44,2.1
2026-03-21 19:03,9.2,214.0,11.1,3.3,1020.4,85.5,0.6,7.32,2.7
2026-03-21 19:40,9.2,214.0,11.1,3.3,1020.4,85.5,0.6,7.32,2.7
2026-03-21 20:25,8.88,232.0,11.2,2.9,1020.4,98.8,1.0,7.36,2.8
2026-03-21 20:56,8.88,232.0,11.2,2.9,1020.4,98.8,1.0,7.36,2.8
2026-03-21 21:26,8.74,233.0,10.9,2.8,1020.1,83.7,0.8,6.72,2.3
2026-03-21 21:53,8.74,233.0,10.9,2.8,1020.1,83.7,0.8,6.72,2.3
2026-03-21 22:23,8.74,233.0,10.9,2.8,1020.1,83.7,0.8,6.72,2.2
2026-03-21 22:56,8.46,232.0,10.5,2.6,1020.0,92.7,0.8,6.6,2.1
2026-03-21 23:27,8.33,230.0,10.2,2.4,1019.7,99.8,1.0,6.4,2.1
2026-03-21 23:54,8.33,230.0,10.2,2.4,1019.7,99.8,1.0,6.4,2.1
2026-03-22 02:06,9.6,227.0,11.7,2.4,1019.1,41.9,0.3,7.27,2.9
2026-03-22 04:30,9.34,232.0,11.4,2.4,1019.5,10.8,0.2,6.84,2.0
2026-03-22 05:40,9.51,230.0,11.6,2.3,1019.4,15.8,0.8,7.0,3.0
2026-03-22 06:50,9.92,225.0,12.1,2.2,1019.3,76.9,1.2,8.07,3.1
2026-03-22 07:37,10.48,227.0,12.8,2.2,1019.2,66.3,1.2,8.2,2.9
2026-03-22 08:00,11.18,229.0,13.7,2.3,1019.0,58.6,2.2,9.04,3.7
2026-03-22 08:48,11.18,229.0,13.7,2.3,1019.0,58.6,2.2,9.04,3.7
2026-03-22 09:31,11.62,232.0,14.3,2.5,1019.1,17.4,2.7,9.36,6.1
2026-03-22 09:58,11.62,232.0,14.3,2.5,1019.1,17.4,2.7,9.36,6.1
2026-03-22 10:35,11.48,233.0,14.4,2.6,1019.0,8.3,3.1,9.36,5.1
2026-03-22 10:58,11.48,233.0,14.4,2.6,1019.0,8.3,3.1,9.36,5.1
2026-03-22 11:29,10.82,235.0,14.1,2.9,1018.8,50.1,3.1,9.19,4.9
2026-03-22 11:53,10.82,235.0,14.1,2.9,1018.8,50.1,3.1,9.19,4.9
2026-03-22 12:49,10.6,235.0,12.9,3.2,1018.5,80.5,2.8,8.88,5.5
2026-03-22 13:43,10.82,234.0,13.2,3.1,1018.2,88.0,2.5,8.99,4.3
2026-03-22 14:27,11.05,234.0,13.6,3.1,1017.9,94.9,1.9,8.87,4.1
2026-03-22 14:57,11.05,234.0,13.6,3.1,1017.9,94.9,1.9,8.87,4.1
2026-03-22 15:31,11.05,234.0,13.6,3.1,1017.9,94.9,1.7,8.87,3.8
2026-03-22 15:54,9.54,237.0,12.6,3.3,1017.7,85.9,1.5,7.91,3.3
2026-03-22 16:29,9.23,233.0,11.5,3.4,1017.4,56.1,0.6,7.1,2.8
2026-03-22 16:59,9.23,233.0,11.5,3.4,1017.4,56.1,0.6,7.1,2.8
2026-03-22 17:34,9.22,225.0,11.2,3.5,1016.9,12.1,0.3,6.8,3.5
2026-03-22 17:55,9.22,225.0,11.2,3.5,1016.9,12.1,0.3,6.8,3.5
2026-03-22 18:36,9.24,214.0,12.0,3.4,1016.4,4.1,0.5,7.16,2.4
2026-03-22 19:04,9.24,214.0,12.0,3.4,1016.4,4.1,0.5,7.16,2.7
2026-03-22 19:41,9.4,214.0,11.4,3.3,1015.9,0.1,0.3,6.76,2.8
2026-03-22 20:26,9.4,214.0,11.4,3.3,1015.9,0.1,0.1,7.45,2.5
2026-03-22 20:57,9.96,222.0,12.2,3.2,1015.8,0.0,0.2,7.45,2.6
2026-03-22 21:30,9.51,227.0,11.9,2.9,1015.5,0.0,0.1,7.42,2.3
2026-03-22 21:55,9.51,227.0,11.9,2.9,1015.5,0.0,0.1,7.42,2.3
2026-03-22 22:24,9.51,227.0,11.9,2.9,1015.5,0.0,0.1,7.42,2.5
2026-03-22 22:57,10.19,226.0,12.5,2.7,1015.1,4.0,0.0,8.15,2.6
2026-03-22 23:33,10.19,226.0,12.5,2.7,1015.1,4.0,0.0,8.15,3.1
2026-03-22 23:57,10.19,226.0,12.5,2.7,1015.1,4.0,0.0,8.15,3.1
2026-03-23 02:37,10.33,230.0,12.8,2.2,1013.9,99.9,0.0,9.05,2.5
2026-03-23 04:54,11.84,232.0,14.8,1.9,1012.8,100.0,0.1,9.3,2.5
2026-03-23 06:10,11.37,231.0,14.6,1.6,1012.4,100.0,0.5,8.77,3.8
2026-03-23 07:41,11.81,231.0,14.7,1.5,1012.5,100.0,0.7,9.28,4.2
2026-03-23 08:54,11.09,233.0,14.7,1.7,1012.4,100.0,1.0,8.91,3.6
2026-03-23 10:02,9.42,239.0,11.7,3.0,1011.4,2.4,2.8,8.09,4.2
2026-03-23 11:11,9.03,235.0,11.4,3.2,1011.1,0.0,3.0,9.15,4.1
2026-03-23 11:56,9.03,235.0,11.4,3.2,1011.1,0.0,3.0,9.15,4.1
2026-03-23 13:12,10.63,237.0,12.9,3.5,1009.9,58.1,2.3,9.48,4.2
2026-03-23 14:34,11.28,239.0,14.3,3.3,1009.8,76.3,1.6,8.6,4.2
2026-03-23 15:39,10.26,235.0,14.0,2.9,1009.1,27.6,1.1,7.77,3.5
2026-03-23 16:34,9.57,241.0,12.5,2.7,1009.2,100.0,0.8,6.82,3.4
2026-03-23 17:31,8.19,238.0,11.6,2.5,1009.4,100.0,0.8,5.78,2.4
2026-03-23 18:29,8.81,244.0,10.8,2.4,1008.9,99.9,0.7,6.34,2.9
2026-03-23 19:33,8.57,248.0,10.7,2.4,1009.0,98.8,0.7,6.04,2.9
2026-03-23 20:08,7.65,262.0,10.3,2.4,1009.4,100.0,0.8,5.48,2.5
2026-03-23 20:56,7.65,262.0,10.3,2.4,1009.4,100.0,0.8,5.48,2.5
2026-03-23 21:38,7.65,262.0,10.3,2.4,1009.4,100.0,0.3,5.48,3.6
2026-03-23 22:01,4.65,249.0,6.7,2.2,1010.3,11.7,0.5,2.9,1.5
2026-03-23 22:54,4.65,249.0,6.7,2.2,1010.3,11.7,0.1,2.9,1.5
2026-03-23 23:31,5.58,249.0,6.7,2.2,1009.9,1.4,-0.6,3.61,1.7
2026-03-23 23:58,5.58,249.0,6.7,2.2,1009.9,1.4,-0.6,3.61,1.7
2026-03-24 02:46,3.89,271.0,5.7,1.3,1010.5,0.0,-0.8,2.7,1.5
2026-03-24 04:52,5.31,227.0,6.5,2.1,1010.3,4.4,-0.3,3.41,1.3
2026-03-24 05:58,6.01,225.0,7.2,2.1,1010.3,5.6,0.4,4.3,1.8
2026-03-24 07:15,7.49,223.0,9.5,2.1,1010.3,0.0,1.8,5.83,2.1
2026-03-24 08:03,7.37,222.0,9.0,2.2,1010.3,0.0,2.1,6.36,2.5
2026-03-24 09:10,7.01,222.0,9.1,2.2,1009.8,33.3,1.9,6.81,3.3
2026-03-24 10:11,6.37,227.0,8.4,2.6,1009.3,60.7,2.3,6.77,2.1
2026-03-24 11:11,6.77,228.0,8.1,3.0,1008.6,0.0,2.6,6.58,2.4
2026-03-24 11:59,6.77,228.0,8.1,3.0,1008.6,0.0,2.6,6.58,2.4
2026-03-24 13:43,8.39,218.0,10.5,3.9,1006.5,80.0,1.8,7.24,3.7
2026-03-24 14:57,8.63,225.0,10.4,4.1,1005.6,95.7,1.5,6.93,3.1
2026-03-24 16:09,8.22,211.0,10.9,3.6,1003.6,100.0,1.2,8.15,3.3
2026-03-24 17:16,10.14,205.0,12.4,3.7,1003.2,100.0,0.7,9.67,3.3
2026-03-24 18:11,10.71,196.0,13.1,3.6,1001.6,100.0,0.8,9.99,3.2
2026-03-24 19:31,11.77,192.0,14.5,3.5,1000.1,100.0,0.5,10.53,2.4
2026-03-24 20:06,11.74,195.0,14.8,3.4,998.6,100.0,0.5,10.98,3.9
2026-03-24 20:59,11.74,195.0,14.8,3.4,998.6,100.0,0.5,10.98,3.9
2026-03-24 21:48,11.23,202.0,14.0,3.4,998.1,100.0,0.5,9.39,2.9
2026-03-24 22:29,10.1,209.0,13.8,3.4,997.9,100.0,0.5,8.84,2.5
2026-03-24 23:02,10.1,209.0,13.8,3.4,997.9,100.0,0.5,8.84,2.2
2026-03-24 23:49,8.96,205.0,12.5,3.2,997.1,100.0,0.6,7.84,1.9
2026-03-25 02:05,8.4,202.0,11.5,3.2,995.4,100.0,0.4,7.86,3.0
2026-03-25 04:30,9.86,191.0,12.0,3.3,994.0,100.0,0.4,7.71,3.6
2026-03-25 05:46,9.86,191.0,12.0,3.3,994.0,100.0,0.4,7.71,3.9
2026-03-25 07:01,9.59,192.0,11.6,3.5,993.1,100.0,0.6,7.71,3.5
2026-03-25 08:02,11.39,187.0,13.9,3.7,992.5,100.0,0.7,10.27,5.6
2026-03-25 09:10,10.57,180.0,13.5,3.8,992.1,100.0,0.7,9.68,3.9
2026-03-25 10:11,9.61,179.0,12.8,3.8,991.8,100.0,0.9,8.94,5.5
2026-03-25 11:10,7.71,174.0,11.6,3.9,991.2,100.0,1.2,7.09,2.5
2026-03-25 11:58,7.71,174.0,11.6,3.9,991.2,100.0,1.2,7.09,2.5
2026-03-25 13:41,5.97,168.0,7.4,4.3,990.4,100.0,1.4,6.21,3.7
2026-03-25 14:58,5.9,179.0,7.2,4.4,990.4,99.8,1.4,6.42,2.8
2026-03-25 17:29,4.99,175.0,9.3,3.9,990.4,100.0,1.2,5.77,1.2
2026-03-25 18:31,7.81,181.0,9.3,4.9,990.3,100.0,1.2,8.49,2.6
2026-03-25 19:30,7.36,178.0,9.9,4.8,990.4,100.0,1.3,8.07,3.1
2026-03-25 20:05,7.09,172.0,8.9,4.4,990.3,100.0,0.9,6.07,1.8
2026-03-25 21:00,7.73,182.0,9.4,4.3,990.5,100.0,1.1,7.98,2.8
2026-03-25 21:50,8.88,185.0,10.7,4.8,990.9,100.0,0.9,8.53,3.2
2026-03-25 22:35,9.5,187.0,11.6,4.7,991.3,99.9,1.0,9.25,2.7
2026-03-25 23:06,9.29,196.0,11.4,4.5,992.1,97.6,0.8,8.78,3.1
2026-03-25 23:52,9.74,196.0,11.8,4.5,992.7,98.4,0.6,8.95,3.3
2026-03-26 02:10,8.17,199.0,10.0,3.8,994.1,83.9,0.5,7.95,2.1
2026-03-26 04:41,7.22,198.0,9.4,3.5,995.2,41.4,0.5,6.74,2.6
2026-03-26 06:12,8.68,196.0,10.5,3.4,996.6,28.8,1.1,7.18,2.3
2026-03-26 07:37,8.01,193.0,10.5,3.4,997.2,10.2,1.5,7.71,3.0
2026-03-26 08:31,7.52,194.0,9.6,3.5,998.1,14.1,1.9,7.5,2.8
2026-03-26 09:40,6.57,188.0,9.8,3.5,998.7,0.1,2.4,5.08,2.4
2026-03-26 10:51,6.12,188.0,7.8,3.7,999.4,0.3,2.7,4.57,2.3
2026-03-26 11:48,4.37,215.0,7.2,3.4,1000.1,9.9,3.3,4.41,1.6
2026-03-26 13:13,10.02,233.0,14.2,4.4,1001.0,89.5,1.6,7.1,4.0
2026-03-26 14:45,7.08,223.0,11.9,3.9,1001.4,100.0,1.4,5.9,2.5
2026-03-26 16:10,6.96,216.0,8.4,3.6,1002.8,100.0,1.1,7.33,2.8
2026-03-26 17:31,8.05,214.0,9.7,3.7,1003.5,96.3,0.8,8.49,2.5
2026-03-26 18:38,9.26,209.0,11.6,3.6,1004.1,100.0,0.6,8.7,2.7
2026-03-26 19:41,8.43,208.0,11.2,3.4,1004.8,100.0,0.6,7.92,2.4
2026-03-26 20:34,7.66,211.0,10.2,3.3,1005.3,100.0,0.6,7.03,2.1
2026-03-26 21:04,7.36,210.0,9.2,3.2,1005.8,100.0,0.6,6.23,1.5
2026-03-26 21:48,7.66,223.0,9.6,3.3,1006.3,100.0,0.6,6.88,1.8
2026-03-26 22:28,7.88,211.0,9.6,3.2,1006.8,99.1,0.6,5.79,1.5
2026-03-26 22:59,7.88,211.0,9.6,3.2,1006.8,99.1,0.6,5.79,1.5
2026-03-26 23:41,8.26,203.0,10.8,3.1,1007.1,100.0,0.5,6.0,1.8
2026-03-27 02:12,7.57,233.0,9.1,2.8,1008.7,100.0,0.5,6.82,1.8
2026-03-27 04:42,8.25,237.0,10.1,2.7,1009.8,100.0,0.7,6.25,1.8
2026-03-27 06:12,8.67,235.0,10.7,2.2,1011.3,100.0,1.0,6.21,2.9
2026-03-27 07:36,8.4,232.0,10.7,2.0,1011.8,100.0,1.2,6.21,3.0
2026-03-27 08:27,8.46,229.0,10.4,2.0,1012.4,100.0,1.2,6.58,2.8
2026-03-27 09:35,8.64,235.0,10.7,2.1,1012.9,100.0,1.3,6.29,4.5
2026-03-27 10:29,7.77,238.0,10.6,2.3,1013.4,100.0,1.8,5.68,3.5
2026-03-27 11:26,5.79,236.0,9.5,2.8,1013.4,19.9,2.2,4.73,2.6
2026-03-27 12:07,7.7,222.0,9.3,3.0,1013.2,0.0,2.5,5.92,3.6
2026-03-27 13:46,8.22,225.0,9.9,3.2,1013.4,0.0,2.6,6.26,3.6
2026-03-27 14:49,7.97,228.0,9.9,3.3,1013.8,0.5,2.3,5.74,2.9
2026-03-27 15:52,7.24,228.0,9.6,3.3,1013.9,0.0,1.9,5.34,2.4
2026-03-27 16:54,7.2,233.0,8.7,3.1,1014.1,0.0,1.1,4.93,2.2
2026-03-27 17:49,6.64,236.0,8.6,2.9,1014.5,0.0,0.5,4.32,1.9
2026-03-27 18:54,6.16,239.0,8.0,2.8,1014.8,0.0,0.1,4.03,1.8
2026-03-27 19:40,6.14,240.0,7.4,2.8,1015.3,0.0,-0.3,3.81,2.1
2026-03-27 20:37,5.67,241.0,7.3,2.7,1015.6,0.0,-0.5,3.47,1.4
2026-03-27 21:07,5.67,241.0,7.3,2.7,1015.6,0.0,-0.5,3.47,2.0
2026-03-27 21:52,4.68,238.0,6.5,2.7,1016.1,0.0,-0.8,2.9,1.2
2026-03-27 22:31,4.12,232.0,5.7,2.8,1016.2,0.0,-0.7,2.72,1.0
2026-03-27 23:04,4.0,213.0,4.9,2.7,1016.5,0.1,-0.6,2.71,0.8
2026-03-27 23:48,4.0,213.0,4.9,2.7,1016.5,0.1,-0.6,2.71,0.8
2026-03-28 02:03,5.28,187.0,6.4,2.5,1016.2,0.0,-0.3,4.02,1.7
2026-03-28 04:30,7.23,220.0,8.9,1.7,1016.4,99.9,0.4,6.45,1.8
2026-03-28 05:43,6.72,228.0,9.1,0.4,1016.8,100.0,0.5,5.58,2.0
2026-03-28 06:57,6.57,225.0,8.6,0.4,1016.8,100.0,0.7,5.71,2.0
2026-03-28 07:47,6.57,225.0,8.6,0.4,1016.8,100.0,1.0,5.87,1.8
2026-03-28 08:37,6.47,224.0,8.7,0.9,1017.5,100.0,1.1,5.85,2.2
2026-03-28 09:21,6.46,221.0,8.2,1.1,1017.7,100.0,1.3,6.12,3.1
2026-03-28 09:56,6.46,221.0,8.2,1.1,1017.7,100.0,1.3,6.12,3.1
2026-03-28 10:34,6.02,237.0,8.2,1.3,1017.8,87.3,1.5,5.87,2.7
2026-03-28 11:02,5.94,250.0,7.6,1.9,1017.5,20.7,0.9,5.29,3.6
2026-03-28 11:44,5.94,250.0,7.6,1.9,1017.5,20.7,2.2,5.29,3.6
2026-03-28 12:53,4.8,243.0,7.0,2.4,1017.0,25.9,2.5,5.52,2.1
2026-03-28 13:51,4.45,240.0,6.0,2.9,1016.9,0.5,2.2,5.52,2.5
2026-03-28 14:31,3.78,237.0,5.4,3.2,1017.0,1.9,2.1,4.73,1.4
2026-03-28 15:01,3.78,237.0,5.4,3.2,1017.0,1.9,2.1,4.73,1.3
2026-03-28 15:48,2.72,206.0,5.4,2.9,1016.8,0.6,1.8,3.53,1.3
2026-03-28 16:33,4.0,174.0,4.9,2.5,1016.9,0.0,0.7,3.07,1.1
2026-03-28 17:03,4.28,160.0,5.1,2.3,1017.0,1.0,0.4,3.42,1.9
2026-03-28 17:48,4.28,160.0,5.1,2.3,1017.0,1.0,0.4,3.42,1.9
2026-03-28 18:39,5.15,171.0,6.3,2.3,1017.2,0.0,0.2,4.6,2.9
2026-03-28 19:18,5.71,175.0,7.0,2.2,1017.3,39.5,0.3,4.6,2.4
2026-03-28 19:47,5.71,175.0,7.0,2.2,1017.3,39.5,0.3,5.41,2.4
2026-03-28 20:28,5.76,185.0,7.0,3.0,1017.4,11.1,0.1,5.47,1.6
2026-03-28 21:00,5.91,196.0,7.2,2.9,1017.4,2.7,0.1,5.01,2.3
2026-03-28 21:47,5.83,195.0,7.5,2.9,1017.6,1.5,0.0,4.91,2.3
2026-03-28 22:28,5.83,195.0,7.5,2.9,1017.6,1.5,-0.2,4.91,2.4
2026-03-28 23:00,5.72,201.0,7.0,2.7,1018.2,2.2,0.0,4.49,1.2
2026-03-28 23:48,5.89,198.0,7.1,2.2,1018.1,1.6,0.0,4.55,2.0
2026-03-29 02:22,5.15,200.0,7.6,2.2,1017.9,62.5,0.0,3.65,1.2
2026-03-29 05:00,6.97,205.0,8.5,2.2,1018.1,0.0,0.7,6.08,1.8
2026-03-29 06:18,8.06,205.0,9.7,2.2,1018.1,0.0,1.2,7.31,3.0
2026-03-29 07:31,7.69,204.0,9.8,2.3,1018.1,0.0,1.6,7.11,2.6
2026-03-29 08:04,6.96,204.0,9.2,2.5,1018.2,56.3,2.0,6.66,2.1
2026-03-29 09:00,6.2,201.0,8.3,2.7,1018.0,94.7,2.0,6.18,2.0
2026-03-29 09:49,6.02,201.0,8.4,2.7,1017.7,76.4,2.3,6.08,2.0
2026-03-29 10:32,6.4,205.0,7.6,2.9,1017.6,100.0,1.7,6.07,2.4
2026-03-29 11:03,6.0,235.0,7.6,2.9,1017.4,100.0,1.7,6.12,3.1
2026-03-29 11:46,6.0,235.0,7.6,2.9,1017.4,100.0,1.7,6.12,3.1
2026-03-29 12:53,6.83,235.0,8.2,2.8,1017.3,100.0,1.5,6.54,2.7
2026-03-29 13:53,7.48,230.0,9.8,2.7,1016.8,100.0,1.1,5.54,2.8
2026-03-29 14:32,5.83,236.0,8.9,2.6,1016.3,94.6,1.5,4.7,2.0
2026-03-29 15:03,5.99,224.0,7.2,2.6,1015.7,99.9,1.5,5.2,2.0
2026-03-29 15:48,5.99,224.0,7.2,2.6,1015.7,99.9,1.2,5.2,2.0
2026-03-29 16:34,6.06,227.0,7.2,2.6,1015.3,100.0,0.8,5.84,2.3
2026-03-29 17:04,7.21,241.0,8.7,2.3,1015.4,100.0,0.5,6.67,2.4
2026-03-29 17:50,7.21,241.0,8.7,2.3,1015.4,100.0,0.5,6.67,2.4
2026-03-29 18:41,6.75,243.0,8.5,2.1,1014.9,100.0,0.5,6.22,2.3
2026-03-29 19:31,8.3,243.0,10.2,2.0,1014.6,100.0,0.4,6.7,2.1
2026-03-29 19:58,8.3,243.0,10.2,2.0,1014.6,100.0,0.4,6.7,2.1
2026-03-29 20:39,7.51,241.0,10.4,2.0,1014.4,100.0,0.2,6.17,2.7
2026-03-29 21:03,7.24,239.0,9.3,2.0,1014.5,100.0,0.2,5.73,1.8
2026-03-29 21:49,7.02,237.0,9.7,1.9,1014.5,100.0,0.3,5.47,1.8
2026-03-29 22:29,7.02,237.0,9.7,1.9,1014.5,100.0,0.3,5.47,1.8
2026-03-29 23:02,6.15,235.0,8.0,1.8,1014.1,100.0,0.4,4.86,2.0
2026-03-29 23:50,5.82,229.0,7.7,1.6,1014.3,100.0,0.4,4.93,2.3
2026-03-30 02:25,5.35,206.0,6.7,1.2,1013.6,100.0,0.5,5.25,1.3
2026-03-30 05:13,3.9,182.0,5.4,-0.1,1013.9,100.0,0.6,3.98,1.4
2026-03-30 07:02,3.39,181.0,4.6,0.2,1014.1,100.0,0.8,3.4,1.7
2026-03-30 08:51,2.8,184.0,4.4,0.4,1014.3,100.0,1.0,2.85,1.0
2026-03-30 10:16,2.81,180.0,3.9,0.6,1014.5,100.0,1.4,2.7,1.2
2026-03-30 11:29,2.9,173.0,4.4,0.5,1014.5,100.0,1.5,3.15,1.0
2026-03-30 12:38,0.92,197.0,3.8,0.4,1014.1,12.9,1.6,1.73,0.4
2026-03-30 14:10,2.62,114.0,3.4,0.5,1013.5,51.3,1.9,3.12,0.9
2026-03-30 15:44,4.14,113.0,5.2,0.5,1013.2,49.4,1.3,3.63,1.6
2026-03-30 16:54,3.13,88.0,5.8,-0.6,1013.1,100.0,0.8,3.94,1.6
2026-03-30 17:53,3.39,84.0,4.4,-0.9,1013.2,100.0,1.1,2.27,2.0
2026-03-30 18:58,3.64,85.0,4.7,-0.6,1012.9,100.0,0.7,2.57,1.5
2026-03-30 19:57,3.59,92.0,4.8,-0.2,1012.8,100.0,0.3,2.69,1.1
2026-03-30 20:51,3.59,92.0,4.8,-0.2,1012.8,100.0,0.6,2.86,1.2
2026-03-30 21:41,2.74,73.0,4.7,0.3,1012.9,100.0,0.7,1.61,1.1
2026-03-30 22:34,2.74,73.0,4.7,0.3,1012.9,100.0,1.1,1.25,0.8
2026-03-30 23:07,1.52,359.0,2.2,0.8,1012.7,100.0,1.2,1.51,0.5
2026-03-30 23:52,1.93,62.0,3.0,0.8,1012.5,100.0,0.9,2.0,0.8
2026-03-31 02:12,2.93,81.0,4.7,1.6,1012.0,99.9,1.0,1.22,1.0
2026-03-31 04:44,1.25,50.0,2.8,1.7,1012.9,99.8,1.3,0.55,0.6
2026-03-31 06:15,0.32,290.0,1.4,1.8,1013.7,58.6,2.3,0.6,0.2
2026-03-31 07:46,1.32,290.0,1.6,1.9,1014.0,54.0,3.3,1.07,1.0
2026-03-31 08:58,2.22,266.0,2.6,2.1,1014.2,44.5,4.4,1.86,0.9
2026-03-31 11:12,3.7,215.0,4.5,3.3,1015.4,30.8,4.2,3.31,1.3
2026-03-31 12:02,5.0,221.0,5.8,3.0,1015.5,8.6,4.4,4.08,2.2
2026-03-31 14:03,5.69,230.0,6.6,2.9,1015.9,2.9,4.7,4.1,1.9
2026-03-31 15:39,5.05,249.0,6.2,4.1,1016.2,6.8,4.9,3.03,1.8
2026-03-31 16:39,4.16,270.0,5.8,4.5,1017.0,2.0,3.9,3.39,1.2
2026-03-31 17:39,3.62,307.0,4.9,5.3,1017.8,0.0,1.6,3.09,1.9
2026-03-31 18:37,3.63,311.0,4.4,4.8,1018.5,0.0,1.1,3.22,1.6
2026-03-31 19:39,3.61,312.0,4.2,4.2,1018.8,0.0,1.0,3.13,1.3
2026-03-31 20:25,3.17,314.0,4.2,3.8,1019.3,0.0,0.6,2.6,1.3
2026-03-31 21:08,3.69,317.0,4.3,3.0,1020.2,0.0,0.5,2.97,1.5
2026-03-31 21:57,3.69,317.0,4.3,3.0,1020.2,0.0,0.5,2.97,1.5
2026-03-31 22:38,3.63,314.0,4.3,2.4,1020.7,0.1,1.1,3.09,1.5
2026-03-31 23:05,3.34,313.0,4.6,1.9,1021.2,23.1,0.1,2.65,1.5
2026-03-31 23:51,3.12,318.0,4.8,2.2,1021.2,6.0,-0.2,2.26,1.4
2026-04-01 02:29,2.57,284.0,3.2,1.5,1021.4,100.0,0.4,2.25,1.0
2026-04-01 05:14,4.32,304.0,5.9,-0.2,1023.0,100.0,1.0,3.6,1.8
2026-04-01 06:56,3.79,301.0,5.8,0.4,1023.1,100.0,0.7,3.33,2.1
2026-04-01 08:16,3.97,269.0,5.6,1.3,1023.2,100.0,1.5,3.16,2.6
2026-04-01 09:39,3.65,244.0,4.8,1.8,1022.8,99.0,2.4,2.82,2.0
2026-04-01 10:39,5.85,228.0,7.1,2.0,1022.5,0.4,2.4,5.01,3.5
2026-04-01 11:36,7.66,227.0,9.3,2.1,1022.0,0.0,2.6,6.84,3.7
2026-04-01 12:39,7.99,230.0,9.7,2.1,1021.4,1.6,2.5,6.76,3.2
2026-04-01 14:16,8.73,240.0,10.9,1.7,1020.8,66.7,2.4,6.18,3.5
2026-04-01 15:46,8.16,246.0,10.8,1.5,1019.8,100.0,1.6,6.06,2.5
2026-04-01 16:53,7.66,247.0,10.0,1.6,1019.5,100.0,0.9,5.63,2.6
2026-04-01 17:50,7.63,241.0,9.5,1.6,1019.1,100.0,0.6,5.8,2.8
2026-04-01 19:00,7.13,239.0,8.8,1.9,1018.6,100.0,0.3,5.71,2.0
2026-04-01 20:00,6.9,239.0,8.8,2.0,1018.0,100.0,0.2,5.9,1.8
2026-04-01 20:57,6.9,239.0,8.8,2.0,1018.0,100.0,0.2,5.9,1.8
2026-04-01 21:45,5.21,204.0,7.3,1.7,1017.6,100.0,0.8,5.91,1.8
2026-04-01 22:36,7.73,232.0,9.5,1.7,1017.4,100.0,0.6,6.32,1.9
2026-04-01 23:20,7.73,232.0,9.5,1.7,1017.4,100.0,0.0,6.32,2.0
2026-04-01 23:53,7.64,229.0,9.6,1.0,1016.8,100.0,0.7,6.55,2.5
2026-04-02 02:08,7.13,223.0,8.9,0.6,1015.2,100.0,0.5,6.51,1.9
2026-04-02 04:39,7.97,222.0,9.9,1.0,1014.5,100.0,0.4,6.95,2.5
2026-04-02 06:02,7.96,214.0,10.0,0.9,1014.0,100.0,0.6,7.05,2.4
2026-04-02 07:43,7.81,215.0,10.0,0.9,1013.8,100.0,0.8,7.01,2.4
2026-04-02 08:55,7.22,216.0,9.6,1.2,1013.8,100.0,0.7,6.53,2.6
2026-04-02 10:01,6.28,220.0,8.1,1.8,1012.8,100.0,0.8,5.63,3.8
2026-04-02 11:12,6.01,217.0,7.6,1.9,1012.6,100.0,0.8,5.42,2.5
2026-04-02 12:00,5.83,219.0,7.3,2.0,1011.9,100.0,0.6,5.44,2.8
2026-04-02 13:58,6.01,223.0,7.3,2.2,1011.2,100.0,0.6,5.65,2.9
2026-04-02 15:05,7.51,229.0,9.1,2.2,1010.5,100.0,0.6,5.87,6.6
2026-04-02 16:13,7.38,231.0,9.1,2.3,1010.0,100.0,0.7,5.47,2.6
2026-04-02 17:11,6.61,233.0,8.9,2.3,1010.1,100.0,0.6,4.62,1.9
2026-04-02 18:04,6.43,230.0,8.0,2.2,1009.8,100.0,0.7,4.52,1.6
2026-04-02 19:17,6.24,240.0,7.6,2.3,1009.4,100.0,0.7,4.52,1.7
2026-04-02 20:00,6.24,240.0,7.6,2.3,1009.4,100.0,0.6,4.36,1.9
2026-04-02 20:47,6.51,233.0,7.8,2.3,1009.1,100.0,0.6,4.36,1.7
2026-04-02 21:36,7.06,241.0,9.0,2.3,1008.8,100.0,0.6,4.78,1.6
2026-04-02 22:06,7.06,241.0,9.0,2.3,1008.8,100.0,0.6,4.78,2.1
2026-04-02 22:53,6.18,250.0,8.5,2.2,1008.4,100.0,0.7,4.18,2.2
2026-04-02 23:34,5.65,255.0,8.0,2.3,1007.9,100.0,0.6,3.71,2.0
2026-04-03 00:02,5.65,255.0,8.0,2.3,1007.9,100.0,0.6,3.71,2.0
2026-04-03 03:29,3.98,256.0,5.5,2.1,1007.1,100.0,1.0,3.07,1.8
2026-04-03 05:25,3.6,245.0,4.2,2.1,1007.2,100.0,1.4,2.82,1.2
2026-04-03 06:49,4.14,245.0,4.9,2.2,1006.8,100.0,1.8,2.51,1.8
2026-04-03 08:01,3.46,242.0,4.6,2.4,1007.1,100.0,2.8,2.16,1.7
2026-04-03 09:11,4.41,236.0,5.2,2.2,1007.0,100.0,2.9,2.82,1.8
2026-04-03 10:05,4.41,236.0,5.2,2.2,1007.0,100.0,2.5,2.82,2.3
2026-04-03 11:05,4.48,227.0,5.5,2.2,1006.8,100.0,1.9,3.62,2.2
2026-04-03 11:55,4.48,227.0,5.5,2.2,1006.8,100.0,1.9,3.62,2.2
2026-04-03 13:01,4.61,232.0,5.6,2.0,1006.3,100.0,1.5,3.26,1.9
2026-04-03 14:08,4.61,234.0,5.6,2.0,1006.2,100.0,1.4,3.12,1.9
2026-04-03 15:04,4.17,238.0,5.5,2.0,1006.2,100.0,1.4,2.61,1.6
2026-04-03 15:55,4.05,240.0,5.6,2.1,1006.2,100.0,1.6,2.57,1.3
2026-04-03 16:39,3.9,244.0,4.7,2.1,1006.2,100.0,1.5,2.53,1.3
2026-04-03 17:18,3.59,246.0,4.6,2.0,1006.0,100.0,1.5,2.44,1.3
2026-04-03 17:55,3.59,246.0,4.6,2.0,1006.0,100.0,1.5,2.44,1.3
2026-04-03 18:44,2.98,256.0,4.5,2.1,1006.3,100.0,1.2,2.19,0.9
2026-04-03 19:37,2.82,254.0,3.4,2.0,1006.1,100.0,1.3,2.08,1.2
2026-04-03 20:03,2.82,254.0,3.4,2.0,1006.1,100.0,1.2,2.08,0.9
2026-04-03 20:55,3.01,250.0,3.5,2.0,1005.9,100.0,1.2,2.27,0.9
2026-04-03 21:33,3.22,264.0,3.9,2.1,1005.8,100.0,1.5,2.56,1.2
2026-04-03 22:01,2.97,266.0,3.8,2.2,1005.6,100.0,1.4,2.55,1.4
2026-04-03 22:55,2.97,266.0,3.8,2.2,1005.6,100.0,1.3,2.55,1.4
2026-04-03 23:32,3.28,262.0,3.9,2.3,1005.4,100.0,1.3,2.68,1.2
2026-04-04 00:00,3.28,262.0,3.9,2.3,1005.4,100.0,1.2,2.68,1.5
2026-04-04 03:17,2.97,233.0,4.1,2.2,1004.5,100.0,0.8,1.85,0.9
2026-04-04 05:04,3.92,205.0,4.7,2.1,1003.7,100.0,1.1,2.61,1.3
2026-04-04 06:14,4.52,194.0,5.4,2.3,1003.2,100.0,0.9,3.94,1.5
2026-04-04 07:29,5.67,200.0,6.8,2.3,1003.0,100.0,0.8,4.93,1.7
2026-04-04 08:05,5.63,194.0,7.0,2.3,1002.5,100.0,0.7,4.52,1.8
2026-04-04 09:01,3.85,179.0,6.8,2.3,1001.7,74.2,0.9,4.4,2.0
2026-04-04 09:56,3.35,174.0,6.5,2.4,1001.8,40.7,0.9,4.03,1.7
2026-04-04 10:36,4.69,166.0,5.6,2.5,1001.3,21.7,1.8,2.73,1.9
2026-04-04 11:03,4.47,140.0,5.8,2.7,1000.8,100.0,1.6,4.36,2.6
2026-04-04 11:46,4.47,140.0,5.8,2.7,1000.8,100.0,2.3,4.36,2.6
2026-04-04 12:53,3.97,136.0,5.4,2.4,1000.0,100.0,1.6,3.32,2.5
2026-04-04 13:52,4.02,120.0,5.0,2.3,999.2,100.0,1.9,3.57,2.2
2026-04-04 14:32,4.8,109.0,5.7,2.2,998.6,100.0,2.0,4.21,2.1
2026-04-04 15:02,6.39,143.0,7.8,2.6,998.3,100.0,0.9,6.15,3.1
2026-04-04 15:49,6.31,138.0,7.6,2.6,998.4,100.0,1.2,5.55,3.2
2026-04-04 16:34,5.45,160.0,8.8,2.1,997.7,100.0,0.5,5.76,1.5
2026-04-04 17:05,5.38,126.0,6.6,2.2,997.5,100.0,0.5,4.72,3.0
2026-04-04 17:50,5.38,126.0,6.6,2.2,997.5,100.0,0.5,4.72,3.0
2026-04-04 18:41,5.71,133.0,6.9,2.4,997.7,100.0,0.6,4.97,1.0
2026-04-04 19:30,5.12,142.0,7.1,2.3,997.7,100.0,0.7,4.82,2.6
2026-04-04 19:57,5.12,142.0,7.1,2.3,997.7,100.0,0.6,4.82,2.6
2026-04-04 20:37,3.89,142.0,6.2,2.2,997.8,100.0,0.6,3.65,1.9
2026-04-04 21:02,2.97,141.0,4.7,2.1,998.1,100.0,0.6,2.8,1.0
2026-04-04 21:49,2.97,119.0,4.7,2.1,997.9,100.0,0.6,2.86,0.6
2026-04-04 22:28,2.01,108.0,3.5,2.0,998.4,100.0,0.7,1.98,0.7
2026-04-04 23:01,1.85,69.0,2.4,2.0,999.0,100.0,0.7,1.69,0.5
2026-04-04 23:49,1.39,61.0,2.3,2.1,999.1,100.0,0.6,1.38,0.4
2026-04-05 02:24,2.33,11.0,4.0,2.1,1001.7,100.0,0.4,2.34,1.0
2026-04-05 05:01,1.77,353.0,3.1,2.2,1003.6,100.0,0.8,1.89,0.6
2026-04-05 06:39,3.05,266.0,3.5,2.3,1004.2,100.0,1.1,2.31,1.6
2026-04-05 07:41,3.0,257.0,3.8,2.1,1004.5,99.4,1.3,2.56,1.2
2026-04-05 08:41,3.14,230.0,3.7,2.1,1004.7,91.4,1.6,2.59,1.3
2026-04-05 09:38,6.18,228.0,7.4,2.0,1005.1,98.8,2.2,5.38,2.4
2026-04-05 10:06,6.55,224.0,8.0,1.6,1005.0,97.0,2.6,5.82,3.9
2026-04-05 10:56,6.55,224.0,8.0,1.6,1005.0,97.0,2.4,5.82,3.9
2026-04-05 11:30,6.71,223.0,8.4,1.7,1004.8,78.6,2.1,6.48,3.3
2026-04-05 11:58,6.71,223.0,8.4,1.7,1004.8,78.6,2.1,6.48,3.3
2026-04-05 14:01,4.34,134.0,5.2,2.3,1002.3,97.9,1.7,4.0,2.1
2026-04-05 14:55,4.34,134.0,5.2,2.3,1002.3,97.9,1.7,4.0,2.1
2026-04-05 15:32,7.27,122.0,8.9,2.3,1000.8,100.0,1.1,6.0,2.9
2026-04-05 16:01,9.66,137.0,12.5,2.8,999.5,100.0,0.7,8.8,6.2
2026-04-05 16:55,9.66,137.0,12.5,2.8,999.5,100.0,0.7,8.8,6.2
2026-04-05 17:30,10.02,171.0,12.2,3.9,998.2,100.0,0.5,8.62,2.5
2026-04-05 18:00,12.06,158.0,14.9,3.4,996.7,100.0,1.0,11.14,5.5
2026-04-05 19:06,11.91,183.0,15.7,3.6,995.6,100.0,0.3,11.41,2.4
2026-04-05 19:51,11.91,183.0,15.7,3.6,995.6,100.0,0.4,11.41,2.4
2026-04-05 20:32,11.19,185.0,15.8,3.6,995.0,100.0,0.5,10.82,2.3
2026-04-05 21:02,10.94,186.0,13.6,3.7,994.2,100.0,0.4,10.07,3.0
2026-04-05 21:49,10.88,183.0,14.2,3.6,994.2,100.0,0.4,10.1,3.0
2026-04-05 22:29,10.99,187.0,13.5,3.7,993.7,70.6,0.4,10.13,2.7
2026-04-05 23:03,10.92,187.0,13.3,3.7,993.2,99.3,0.5,10.38,2.9
2026-04-05 23:51,10.84,187.0,13.7,3.5,993.1,100.0,0.7,10.3,2.9
2026-04-06 02:26,11.62,177.0,14.4,2.8,991.3,100.0,0.4,11.2,3.2
2026-04-06 05:12,11.32,179.0,14.6,2.0,989.7,100.0,0.3,10.55,3.4
2026-04-06 07:04,11.1,201.0,13.8,1.9,989.8,100.0,0.4,10.24,3.4
2026-04-06 08:48,10.19,202.0,14.9,2.2,990.1,100.0,0.6,8.19,3.7
2026-04-06 10:08,7.88,220.0,11.4,2.2,990.5,100.0,0.8,5.14,4.7
2026-04-06 11:14,9.39,235.0,11.4,2.2,991.1,100.0,1.2,5.67,4.3
2026-04-06 12:00,7.79,235.0,11.4,2.2,992.0,100.0,0.8,5.05,3.1
2026-04-06 13:48,6.37,237.0,9.1,1.7,992.5,100.0,0.7,4.14,2.7
2026-04-06 14:44,5.08,242.0,7.6,1.7,993.2,100.0,0.6,3.33,2.1
2026-04-06 15:44,2.99,258.0,5.7,1.8,993.7,100.0,0.9,2.09,1.3
2026-04-06 16:44,2.03,276.0,3.6,1.8,994.4,100.0,1.0,2.6,0.7
2026-04-06 17:43,3.04,317.0,3.6,2.3,995.1,100.0,0.7,3.26,1.2
2026-04-06 18:57,5.06,354.0,6.1,2.9,996.2,100.0,0.5,5.13,0.9
2026-04-06 19:54,6.49,10.0,7.8,2.5,997.4,100.0,0.5,5.54,2.2
2026-04-06 20:36,6.05,13.0,7.7,2.4,998.3,100.0,0.6,5.29,2.9
2026-04-06 21:21,6.24,17.0,7.7,2.4,998.8,100.0,0.5,5.52,2.1
2026-04-06 22:04,6.24,17.0,7.7,2.4,998.8,100.0,0.5,5.52,3.4
2026-04-06 22:58,6.31,19.0,7.7,2.3,999.7,100.0,0.6,5.28,3.4
2026-04-06 23:42,5.74,9.0,7.7,2.7,1000.6,100.0,0.5,5.28,2.1
2026-04-07 02:12,6.98,8.0,8.6,2.4,1003.6,100.0,0.2,6.13,3.1
2026-04-07 04:43,7.21,20.0,9.4,2.6,1005.8,100.0,0.5,6.67,3.0
2026-04-07 06:18,8.19,8.0,10.2,3.2,1007.5,100.0,0.8,7.33,2.7
2026-04-07 07:52,8.21,6.0,10.2,3.7,1008.4,99.9,1.2,7.3,3.3
2026-04-07 09:01,8.57,6.0,10.6,3.8,1010.9,100.0,0.9,7.24,4.2
2026-04-07 10:18,9.02,11.0,11.3,3.9,1012.1,100.0,1.2,8.06,5.1
2026-04-07 11:16,8.85,16.0,11.0,4.0,1013.3,100.0,1.2,7.87,6.9
2026-04-07 12:05,8.55,19.0,10.8,4.1,1014.4,100.0,1.1,7.9,5.4
2026-04-07 14:03,8.04,10.0,10.1,4.9,1016.6,21.7,0.9,7.42,2.8
2026-04-07 15:48,8.3,7.0,10.2,5.3,1017.3,9.8,1.4,7.67,3.8
2026-04-07 16:57,7.3,2.0,10.1,5.2,1018.0,58.0,1.2,6.57,2.6
2026-04-07 17:59,6.98,355.0,8.7,4.9,1018.9,17.1,0.9,5.55,2.7
2026-04-07 19:17,6.8,1.0,8.3,4.5,1020.3,1.8,0.5,5.47,1.8
2026-04-07 20:03,6.8,1.0,8.3,4.5,1020.3,1.8,0.0,5.47,2.2
2026-04-07 21:05,6.5,10.0,8.2,3.5,1021.7,2.0,0.3,5.11,2.2
2026-04-07 22:00,6.32,9.0,8.0,3.1,1022.3,52.0,0.9,5.01,2.4
2026-04-07 22:52,6.32,9.0,8.0,3.1,1022.3,52.0,0.2,5.01,2.4
2026-04-07 23:35,6.63,14.0,8.1,3.1,1023.1,96.3,0.2,5.1,4.0
2026-04-08 00:06,6.63,14.0,8.1,3.1,1023.1,96.3,0.2,5.1,3.6
2026-04-08 03:34,8.4,27.0,10.6,2.2,1024.7,64.9,-0.2,7.52,5.7
2026-04-08 05:30,8.8,29.0,11.3,1.5,1026.2,86.3,0.7,7.77,4.4
2026-04-08 07:00,7.84,28.0,10.7,2.4,1027.5,39.4,1.5,7.16,2.6
2026-04-08 08:38,8.45,27.0,10.6,3.1,1028.0,0.0,1.9,7.63,4.4
2026-04-08 09:49,8.07,31.0,10.3,3.6,1028.1,0.0,2.3,7.26,7.6
2026-04-08 10:54,8.18,31.0,10.2,4.2,1028.1,0.0,2.5,7.36,7.2
2026-04-08 11:54,8.57,30.0,10.5,4.5,1028.1,0.0,2.6,7.57,8.3
2026-04-08 13:18,7.36,53.0,9.9,4.7,1028.2,0.0,2.5,7.73,5.5
2026-04-08 14:50,9.32,46.0,11.5,4.7,1028.5,0.0,2.3,6.73,7.3
2026-04-08 16:13,8.32,39.0,10.7,4.1,1029.4,0.0,1.3,7.78,6.8
2026-04-08 17:34,7.56,37.0,10.1,3.5,1029.9,0.0,0.9,7.38,4.0
2026-04-08 18:49,6.18,32.0,8.6,3.0,1030.3,0.0,0.7,6.01,2.8
2026-04-08 19:58,6.37,26.0,7.8,2.5,1030.8,0.0,0.5,5.26,3.0
2026-04-08 20:53,7.17,26.0,9.0,2.1,1030.8,0.0,0.2,5.98,1.8
2026-04-08 21:40,7.7,37.0,9.7,1.4,1031.0,0.0,0.1,6.6,4.6
2026-04-08 22:24,7.76,39.0,9.9,1.0,1031.2,0.0,0.5,6.6,4.0
2026-04-08 23:22,7.37,39.0,9.6,0.5,1031.4,0.0,-0.1,5.95,5.0
2026-04-09 00:02,7.37,39.0,9.6,0.5,1031.4,0.0,-0.6,5.95,4.5
2026-04-09 03:30,7.64,47.0,10.0,-1.0,1031.1,0.0,-0.3,5.96,4.8
2026-04-09 05:30,6.91,53.0,9.7,-0.9,1031.3,0.0,0.9,4.89,4.4
2026-04-09 07:03,5.05,53.0,7.9,0.6,1031.8,0.0,2.0,4.27,2.9
2026-04-09 08:48,4.56,70.0,6.6,1.4,1031.7,0.0,2.7,4.12,2.5
2026-04-09 10:12,4.11,123.0,5.4,1.6,1031.2,0.0,4.6,4.13,3.1
2026-04-09 11:18,5.17,122.0,6.5,1.4,1030.8,0.0,3.1,4.71,5.6
2026-04-09 12:06,4.81,126.0,6.8,1.6,1030.6,0.0,3.0,4.2,3.9
2026-04-09 14:17,4.83,108.0,6.4,2.1,1029.9,0.0,2.3,3.48,2.1
2026-04-09 15:57,4.26,92.0,6.0,2.2,1029.3,0.0,2.2,4.26,1.7
2026-04-09 17:11,3.41,53.0,4.6,2.2,1029.3,0.0,1.2,3.08,1.5
2026-04-09 18:12,3.43,55.0,4.1,2.5,1029.3,0.0,0.9,3.08,1.4
2026-04-09 19:40,3.36,60.0,4.1,2.4,1029.4,0.0,0.6,3.06,1.0
2026-04-09 20:50,3.67,51.0,4.5,2.2,1029.1,0.0,0.5,3.26,2.3
2026-04-09 21:43,3.67,51.0,4.5,2.2,1029.1,0.0,0.5,3.26,1.4
2026-04-09 22:39,4.63,53.0,5.7,1.7,1028.9,0.0,0.4,3.82,1.9
2026-04-09 23:25,4.17,54.0,5.4,1.5,1028.4,0.0,0.1,3.3,1.4
2026-04-10 00:06,3.85,52.0,5.1,1.3,1028.1,0.0,-0.1,3.07,1.5
2026-04-10 03:43,4.97,68.0,6.5,0.7,1026.9,28.9,-0.7,3.74,2.1
2026-04-10 05:56,4.95,68.0,6.7,0.7,1026.9,0.9,1.0,3.7,1.9
2026-04-10 07:45,5.99,72.0,7.5,1.6,1026.9,70.8,2.5,4.55,2.2
2026-04-10 09:07,5.51,84.0,7.5,2.3,1026.7,7.4,3.9,4.66,2.5
2026-04-10 10:18,5.58,85.0,6.9,2.6,1026.5,3.0,4.4,5.5,3.7
2026-04-10 11:14,5.11,82.0,6.8,3.0,1026.3,5.4,4.3,5.95,2.3
2026-04-10 12:01,5.79,83.0,7.1,3.6,1025.9,15.1,3.9,6.01,2.6
2026-04-10 13:52,5.48,76.0,7.2,3.6,1025.2,0.0,3.8,5.4,2.9
2026-04-10 14:46,4.34,66.0,6.7,4.2,1024.7,0.0,3.5,4.38,1.8
2026-04-10 15:52,4.11,74.0,5.5,4.3,1023.6,0.0,3.4,4.32,1.7
2026-04-10 16:50,4.56,71.0,5.5,3.9,1023.5,0.0,3.0,4.39,1.1
2026-04-10 17:46,4.98,74.0,6.0,3.6,1023.6,0.0,2.2,4.93,2.6
2026-04-10 18:51,5.2,75.0,6.4,3.6,1023.6,0.0,1.8,4.69,1.6
2026-04-10 19:42,5.2,75.0,6.4,3.6,1023.6,0.0,1.8,4.69,0.9
2026-04-10 20:35,4.71,47.0,6.4,3.3,1023.9,0.0,1.2,4.19,1.7
2026-04-10 21:06,5.21,48.0,6.3,3.1,1023.7,0.0,1.0,4.47,2.9
2026-04-10 21:56,4.96,44.0,5.9,3.1,1023.5,0.0,0.9,4.29,2.8
2026-04-10 22:37,4.96,44.0,5.9,3.1,1023.5,0.0,0.9,4.29,3.2
2026-04-10 23:19,4.78,57.0,6.3,2.4,1023.9,0.0,0.4,3.93,1.5
2026-04-10 23:54,4.78,57.0,6.3,2.4,1023.9,0.0,0.4,3.93,1.5
2026-04-11 02:06,5.65,59.0,7.0,1.3,1024.0,0.0,-0.1,4.35,3.8
2026-04-11 04:30,5.62,65.0,7.0,1.3,1024.7,0.0,0.4,4.36,2.0
2026-04-11 05:46,5.56,70.0,7.0,1.7,1025.1,0.0,1.2,4.28,1.7
2026-04-11 06:59,5.89,73.0,7.3,2.2,1025.4,0.0,2.1,4.57,1.9
2026-04-11 07:55,6.19,75.0,7.6,2.7,1025.8,0.0,2.9,4.77,2.3
2026-04-11 08:41,6.17,79.0,7.7,2.9,1025.8,13.7,3.7,5.02,3.3
2026-04-11 09:38,5.76,83.0,7.4,2.9,1025.7,0.0,4.4,4.85,2.6
2026-04-11 10:07,5.43,88.0,7.1,2.8,1025.9,0.0,4.5,4.85,3.6
2026-04-11 10:57,5.43,88.0,7.1,2.8,1025.9,0.0,5.1,4.81,3.6
2026-04-11 11:33,5.1,85.0,6.6,3.1,1026.1,0.0,5.1,4.83,2.3
2026-04-11 11:58,5.1,85.0,6.6,3.1,1026.1,0.0,5.1,4.83,2.3
2026-04-11 14:03,3.59,78.0,6.4,4.1,1025.7,0.0,4.0,3.38,1.2
2026-04-11 14:57,3.59,78.0,6.4,4.1,1025.7,0.0,4.1,3.38,1.2
2026-04-11 15:36,2.99,69.0,4.0,4.4,1025.3,0.0,3.6,2.75,1.3
2026-04-11 16:02,2.99,69.0,4.0,4.4,1025.3,0.0,3.6,2.75,1.1
2026-04-11 16:57,2.08,33.0,3.5,4.9,1025.1,0.0,2.5,1.33,1.7
2026-04-11 17:35,2.73,18.0,3.2,5.1,1025.2,0.0,2.3,2.06,1.0
2026-04-11 18:01,4.06,41.0,4.8,5.3,1025.5,0.0,1.3,3.49,1.9
2026-04-11 19:06,3.64,38.0,4.4,5.3,1025.2,0.0,0.6,2.82,3.1
2026-04-11 19:51,5.25,64.0,6.3,4.3,1025.4,0.0,1.6,2.82,1.6
2026-04-11 20:32,5.1,62.0,6.3,3.6,1025.4,0.0,1.2,4.47,2.2
2026-04-11 21:03,5.32,57.0,6.5,3.5,1025.5,0.0,1.3,4.65,2.1
2026-04-11 21:51,5.32,57.0,6.5,3.5,1025.5,0.0,1.1,4.65,2.1
2026-04-11 22:31,5.68,55.0,6.9,3.2,1025.3,0.5,1.0,4.83,2.3
2026-04-11 23:04,6.16,64.0,7.5,2.9,1025.2,44.9,0.9,5.04,1.7
2026-04-11 23:52,6.24,64.0,7.6,3.0,1025.1,34.6,0.7,5.35,1.7
2026-04-12 02:29,6.23,68.0,8.0,2.4,1025.3,22.2,-0.3,4.85,2.4
2026-04-12 05:12,6.74,78.0,8.3,2.8,1026.4,3.0,1.2,5.12,2.0
2026-04-12 06:50,6.8,83.0,8.8,3.0,1026.6,7.4,2.4,5.35,2.7
2026-04-12 08:02,6.05,87.0,7.6,3.0,1027.4,1.9,4.0,5.2,5.3
2026-04-12 09:07,5.74,88.0,7.3,3.0,1027.6,7.2,4.5,5.16,2.6
2026-04-12 10:03,5.62,88.0,7.3,3.0,1027.3,14.0,4.9,5.11,3.7
2026-04-12 11:02,6.09,86.0,7.6,3.1,1027.6,40.3,5.0,5.64,2.8
2026-04-12 11:50,6.09,86.0,7.6,3.1,1027.6,40.3,5.0,5.64,2.8
2026-04-12 12:59,5.82,83.0,7.5,3.3,1027.2,51.5,5.0,5.73,2.6
2026-04-12 14:02,5.45,85.0,6.9,3.5,1027.2,2.0,5.0,5.03,2.9
2026-04-12 14:59,5.45,85.0,6.9,3.5,1027.2,2.0,5.0,5.03,2.9
2026-04-12 15:46,5.3,84.0,6.4,3.8,1027.1,15.1,4.3,4.88,3.1
2026-04-12 16:37,5.07,88.0,6.4,3.7,1027.3,3.2,3.4,4.62,1.7
2026-04-12 17:18,4.48,86.0,6.1,3.4,1027.8,3.8,2.6,4.22,1.8
2026-04-12 17:55,4.48,86.0,6.1,3.4,1027.8,3.8,2.6,4.22,1.8
2026-04-12 18:47,3.19,85.0,5.3,3.3,1027.9,8.7,2.7,2.98,0.7
2026-04-12 19:38,3.07,71.0,3.9,3.1,1028.2,7.4,1.9,2.79,0.5
2026-04-12 20:03,2.65,70.0,3.6,3.1,1028.4,17.1,1.9,2.08,0.8
2026-04-12 20:55,2.65,70.0,3.6,3.1,1028.4,17.1,1.5,2.08,0.8
2026-04-12 21:33,2.55,60.0,3.1,3.1,1028.2,6.9,1.3,2.03,0.7
2026-04-12 22:02,3.08,49.0,3.6,3.0,1028.3,10.2,1.4,2.29,2.0
2026-04-12 22:57,3.08,49.0,3.6,3.0,1028.3,10.2,1.2,2.29,2.0
2026-04-12 23:39,3.43,45.0,4.1,3.0,1028.5,5.3,1.2,2.76,2.0
2026-04-13 00:05,3.43,45.0,4.1,3.0,1028.5,5.3,0.9,2.76,1.7
2026-04-13 03:54,3.9,49.0,4.7,2.8,1029.4,0.0,0.8,2.97,2.4
2026-04-13 06:13,2.12,120.0,3.7,3.1,1030.6,6.3,5.1,2.24,0.7
2026-04-13 08:24,2.95,85.0,4.2,3.4,1031.3,6.8,5.4,2.65,2.6
2026-04-13 10:20,3.12,95.0,6.0,3.0,1031.7,62.8,4.8,4.04,1.0
2026-04-13 11:46,3.23,110.0,4.0,3.4,1031.8,69.8,4.9,3.73,2.3
2026-04-13 13:23,2.86,106.0,3.7,3.6,1031.6,61.0,5.4,2.59,1.3
2026-04-13 15:04,4.01,94.0,5.1,3.3,1032.1,17.7,5.4,3.08,1.6
2026-04-13 16:39,3.88,93.0,5.3,3.5,1031.9,0.0,3.9,3.33,1.2
2026-04-13 17:42,3.96,110.0,5.1,3.2,1032.5,0.0,2.4,3.27,1.3
2026-04-13 19:12,3.38,106.0,4.1,3.7,1032.7,0.0,0.8,2.38,1.1
2026-04-13 20:14,2.89,90.0,4.1,3.3,1033.0,0.0,0.8,2.54,0.8
2026-04-13 21:10,3.32,60.0,3.9,3.0,1033.2,0.0,1.0,2.82,0.9
2026-04-13 22:04,3.41,64.0,4.0,2.7,1033.4,0.0,1.3,2.91,1.1
2026-04-13 23:05,3.61,71.0,4.3,2.6,1033.6,0.0,1.1,3.1,1.2
2026-04-14 00:02,3.92,71.0,4.7,2.7,1033.9,0.2,1.3,3.64,1.3
2026-04-14 03:44,2.62,68.0,4.9,2.6,1034.1,4.5,1.0,1.99,1.1
2026-04-14 06:00,3.02,54.0,3.6,3.1,1034.7,3.9,3.4,2.48,1.3
2026-04-14 08:00,2.71,68.0,3.5,4.6,1034.9,0.0,5.1,2.47,0.9
2026-04-14 09:44,3.52,90.0,4.2,4.4,1034.3,9.8,6.4,3.2,0.6
2026-04-14 11:02,2.35,87.0,3.6,4.8,1033.8,6.1,7.2,2.63,1.1
2026-04-14 12:10,2.09,86.0,2.8,5.6,1033.2,6.9,6.9,2.15,0.9
2026-04-14 14:15,1.48,90.0,2.2,6.7,1032.1,2.2,5.9,1.33,0.7
2026-04-14 15:42,1.35,58.0,1.8,6.9,1031.1,31.9,5.5,0.61,0.6
2026-04-14 17:05,0.89,66.0,1.3,6.9,1030.7,54.6,3.1,0.2,0.4
2026-04-14 18:18,0.99,1.0,1.4,6.4,1030.5,4.8,3.3,0.56,0.4
2026-04-14 19:45,1.21,37.0,1.4,6.6,1030.6,0.0,2.4,1.85,1.0
2026-04-14 20:52,1.24,55.0,1.6,6.2,1030.3,0.0,2.0,1.59,0.8
2026-04-14 21:51,1.92,162.0,3.1,4.2,1029.8,0.0,2.9,1.26,0.8
2026-04-14 22:43,0.5,1.0,2.3,4.0,1029.5,0.0,0.8,0.44,0.2
2026-04-14 23:40,1.68,0.0,2.0,4.3,1029.2,0.0,1.0,1.23,0.6
2026-04-15 02:26,2.79,358.0,3.3,4.7,1028.4,27.3,-0.5,2.63,0.9
2026-04-15 05:12,3.7,46.0,4.4,4.9,1027.3,47.3,3.2,2.97,3.5
2026-04-15 07:04,3.57,61.0,4.3,5.4,1027.2,91.0,5.5,2.14,1.7
2026-04-15 08:57,5.16,61.0,6.9,4.7,1027.1,100.0,4.2,4.92,1.7
2026-04-15 10:19,6.18,90.0,7.6,4.8,1026.7,80.2,4.9,5.45,2.1
2026-04-15 11:30,5.68,88.0,7.4,4.7,1026.5,36.0,6.3,4.72,2.6
2026-04-15 12:42,6.54,77.0,8.0,4.5,1025.7,71.5,6.0,4.84,4.9
2026-04-15 14:44,5.22,71.0,6.9,6.0,1025.5,10.8,5.7,5.3,1.8
2026-04-15 16:04,3.49,82.0,6.7,5.4,1024.8,34.1,4.4,3.46,1.1
2026-04-15 17:34,2.93,79.0,4.1,5.2,1024.7,8.6,3.4,2.58,1.6
2026-04-15 18:45,3.03,88.0,4.1,4.2,1024.4,0.5,3.2,2.76,0.6
2026-04-15 20:02,3.02,38.0,3.7,4.6,1023.9,25.4,1.7,2.64,1.1
2026-04-15 21:09,3.13,14.0,3.6,5.0,1023.7,98.4,1.1,2.39,1.1
2026-04-15 22:06,3.13,14.0,3.6,5.0,1023.7,98.4,0.8,2.39,1.7
2026-04-15 23:04,3.93,24.0,4.7,4.6,1023.0,81.1,1.1,3.36,1.6
2026-04-16 00:01,4.29,19.0,5.1,4.8,1022.7,99.9,0.8,3.41,2.3
2026-04-16 03:49,5.05,16.0,6.1,4.6,1021.4,100.0,0.7,4.44,2.6
2026-04-16 06:00,4.65,40.0,6.3,5.0,1020.4,100.0,2.1,4.66,1.9
2026-04-16 08:07,4.89,34.0,5.9,5.0,1020.0,100.0,2.0,4.22,2.8
2026-04-16 09:51,5.06,21.0,6.0,5.4,1019.6,100.0,1.8,4.55,4.1
2026-04-16 11:01,5.38,27.0,7.1,6.4,1019.2,100.0,2.0,5.07,4.9
2026-04-16 12:11,4.37,25.0,5.3,7.0,1018.9,100.0,2.6,4.59,3.7
2026-04-16 14:16,6.02,32.0,7.2,7.7,1018.5,100.0,2.4,6.4,2.0
2026-04-16 15:58,6.2,33.0,7.4,7.8,1018.3,100.0,2.4,6.39,3.4
2026-04-16 17:21,6.56,30.0,7.9,7.4,1018.2,100.0,2.0,5.83,3.5
2026-04-16 18:46,6.43,21.0,7.7,7.0,1018.5,100.0,1.9,5.4,2.7
2026-04-16 19:59,6.0,22.0,7.7,6.9,1018.6,100.0,1.8,5.06,2.8
2026-04-16 20:59,6.05,21.0,7.2,6.7,1018.7,100.0,1.8,5.09,1.5
2026-04-16 21:53,5.64,18.0,7.0,6.9,1018.6,100.0,1.6,4.64,1.9
2026-04-16 22:38,5.64,18.0,7.0,6.9,1018.6,100.0,1.7,4.64,3.1
2026-04-16 23:25,4.24,17.0,5.4,7.0,1018.4,100.0,1.7,3.82,2.6
2026-04-17 01:08,3.55,8.0,5.5,7.0,1018.6,100.0,1.3,3.35,1.0
2026-04-17 04:23,4.43,16.0,5.3,6.2,1019.7,33.4,1.6,3.83,1.9
2026-04-17 06:22,4.77,5.0,5.7,7.3,1020.0,79.0,2.5,4.66,1.6
2026-04-17 08:15,6.24,22.0,7.7,9.4,1020.5,3.4,2.1,6.04,3.3
2026-04-17 09:50,5.89,34.0,7.6,10.0,1020.7,53.1,3.9,5.98,5.6
2026-04-17 10:54,5.5,28.0,7.0,10.4,1020.9,56.1,4.1,5.37,6.3
2026-04-17 11:51,4.77,28.0,6.6,10.6,1021.2,80.4,4.3,5.05,4.3
2026-04-17 13:16,4.49,29.0,5.5,10.6,1021.0,85.0,4.2,5.18,3.9
2026-04-17 14:37,4.63,24.0,5.5,10.4,1021.0,88.1,4.4,5.45,4.3
2026-04-17 15:41,5.45,13.0,6.6,10.4,1021.1,95.8,3.7,5.29,2.8
2026-04-17 16:54,5.0,18.0,6.5,9.9,1021.4,42.0,3.2,4.73,2.2
2026-04-17 17:48,4.17,16.0,5.9,9.1,1021.6,13.4,2.7,3.4,1.5
2026-04-17 18:58,3.87,18.0,4.7,8.9,1021.6,59.0,2.5,3.25,1.5
2026-04-17 20:00,3.33,32.0,4.2,7.9,1022.4,95.4,2.2,2.86,1.2
2026-04-17 20:57,3.33,32.0,4.2,7.9,1022.4,95.4,2.2,2.86,1.2
2026-04-17 21:49,2.35,6.0,3.7,7.6,1022.5,86.5,1.9,2.33,0.6
2026-04-17 22:37,2.67,19.0,3.1,7.4,1022.7,55.6,2.1,2.48,1.5
2026-04-17 23:23,2.67,19.0,3.1,7.4,1022.7,55.6,0.7,2.61,1.6
2026-04-18 00:07,3.45,27.0,4.1,6.2,1022.9,24.4,1.9,2.85,1.7
2026-04-18 03:31,4.04,43.0,4.8,4.9,1023.1,36.4,1.2,3.32,2.5
2026-04-18 05:25,4.26,56.0,5.1,4.8,1023.5,34.0,3.0,3.26,2.7
2026-04-18 06:49,3.9,60.0,4.9,5.2,1023.8,2.2,4.1,2.88,1.8
2026-04-18 07:58,3.82,69.0,4.7,5.7,1024.2,51.1,4.7,3.32,1.8
2026-04-18 09:00,5.66,116.0,6.8,4.7,1024.6,79.5,4.7,5.28,3.9
2026-04-18 09:55,5.91,114.0,7.2,4.7,1024.5,71.1,4.8,5.38,4.1
2026-04-18 10:39,5.41,123.0,7.2,4.5,1024.6,45.2,4.9,5.29,4.0
2026-04-18 11:24,4.56,124.0,6.5,4.6,1024.5,9.1,5.0,4.28,4.9
2026-04-18 12:02,4.56,124.0,6.5,4.6,1024.5,9.1,4.9,4.28,3.7
2026-04-18 13:37,3.19,163.0,4.1,4.3,1023.7,16.4,4.9,2.63,1.8
2026-04-18 14:23,3.0,115.0,3.9,4.3,1024.1,97.9,4.4,3.11,2.9
2026-04-18 15:22,1.46,116.0,5.1,4.4,1023.7,99.9,3.4,2.45,1.1
2026-04-18 16:06,3.83,75.0,4.7,3.9,1024.1,78.5,2.9,3.59,0.9
2026-04-18 16:59,3.83,75.0,4.7,3.9,1024.1,78.5,2.9,3.59,0.9
2026-04-18 17:46,3.16,87.0,4.9,4.3,1024.5,96.1,2.4,3.39,1.3
2026-04-18 18:50,3.28,65.0,3.9,4.2,1024.8,100.0,2.5,3.23,1.0
2026-04-18 19:40,3.86,69.0,5.1,4.2,1025.1,100.0,2.2,4.36,1.1
2026-04-18 20:05,3.86,69.0,5.1,4.2,1025.1,100.0,2.0,4.36,1.6
2026-04-18 20:55,2.95,72.0,4.6,4.1,1025.3,100.0,2.1,3.29,0.9
2026-04-18 21:34,2.63,63.0,3.4,4.0,1025.3,99.8,1.9,3.34,0.7
2026-04-18 22:03,2.63,63.0,3.4,4.0,1025.3,99.8,1.6,3.34,0.8
2026-04-18 22:57,3.75,54.0,4.5,4.0,1025.5,77.3,1.6,3.54,1.5
2026-04-18 23:38,7.73,85.0,9.9,3.6,1025.8,53.7,0.7,6.6,2.1
2026-04-19 00:05,7.73,85.0,9.9,3.6,1025.8,53.7,0.7,6.6,2.7
2026-04-19 03:51,5.72,53.0,7.8,2.3,1026.7,0.3,0.2,4.51,3.0
2026-04-19 05:57,7.18,60.0,9.1,2.8,1027.0,9.3,1.6,6.06,2.7
2026-04-19 07:26,6.58,78.0,8.5,3.7,1027.6,0.1,2.5,6.03,2.4
2026-04-19 08:33,7.07,86.0,8.8,4.1,1028.0,0.0,2.9,6.03,6.2
2026-04-19 09:28,6.08,98.0,8.4,3.9,1027.7,0.0,3.4,6.43,1.1
2026-04-19 10:22,6.01,104.0,7.6,4.2,1027.7,0.0,3.5,6.43,3.6
2026-04-19 11:20,5.9,116.0,7.6,4.3,1027.6,0.0,3.5,5.57,4.2
2026-04-19 11:54,5.9,116.0,7.6,4.3,1027.6,0.0,3.5,5.57,4.2
2026-04-19 12:59,4.88,124.0,7.9,4.3,1027.3,0.0,3.4,4.27,4.0
2026-04-19 14:01,0.65,248.0,3.0,4.1,1026.9,0.0,3.1,1.29,0.3
2026-04-19 15:01,1.31,314.0,1.5,4.1,1026.7,0.0,2.9,0.97,0.7
2026-04-19 15:56,1.31,314.0,1.5,4.1,1026.7,0.0,2.9,0.97,0.7
2026-04-19 16:40,1.55,314.0,1.8,4.4,1026.2,0.0,2.2,0.85,1.0
2026-04-19 17:34,1.7,310.0,2.0,4.5,1026.5,0.0,1.4,1.1,0.7
2026-04-19 18:06,1.96,319.0,2.4,4.8,1026.3,0.0,0.9,1.95,0.5
2026-04-19 19:10,1.96,319.0,2.4,4.8,1026.3,0.0,0.6,1.95,0.6
2026-04-19 19:55,1.76,306.0,2.4,5.0,1026.4,0.0,0.4,1.34,0.6
2026-04-19 20:36,2.06,337.0,2.4,5.1,1026.5,0.0,0.6,3.11,0.6
2026-04-19 21:07,2.06,337.0,2.4,5.1,1026.5,0.0,0.2,3.11,0.4
2026-04-19 21:52,4.34,38.0,5.2,4.7,1026.3,0.0,0.7,3.6,2.6
2026-04-19 22:34,4.57,42.0,5.5,4.4,1026.5,6.3,0.6,3.8,3.0
2026-04-19 23:08,4.57,42.0,5.5,4.4,1026.5,6.3,0.6,3.8,2.7
2026-04-19 23:54,4.45,41.0,5.9,4.1,1026.7,38.6,0.4,3.76,2.6
2026-04-20 02:34,4.73,33.0,6.0,2.9,1027.0,93.8,0.3,3.6,3.0
2026-04-20 05:28,4.31,33.0,5.6,3.9,1027.5,0.0,2.0,3.57,1.8
2026-04-20 07:30,4.54,47.0,5.5,6.0,1027.7,50.9,2.9,5.01,3.4
2026-04-20 09:27,2.89,108.0,5.9,6.1,1027.6,7.6,4.3,3.68,1.7
2026-04-20 11:06,2.68,159.0,3.5,5.5,1027.5,0.0,4.4,3.55,1.1
2026-04-20 12:15,2.82,250.0,3.3,4.5,1026.5,9.1,5.5,3.0,2.1
2026-04-20 14:15,3.98,251.0,4.7,4.3,1025.5,10.3,5.5,3.14,2.2
2026-04-20 15:46,3.73,256.0,4.8,5.2,1024.5,21.6,6.5,1.87,1.6
2026-04-20 17:02,4.77,16.0,6.3,8.6,1025.0,18.9,3.4,4.0,1.7
2026-04-20 18:11,4.86,16.0,5.8,8.2,1024.8,43.6,2.1,3.98,1.9
2026-04-20 19:36,4.67,14.0,6.1,7.6,1024.9,64.8,1.8,3.51,1.6
2026-04-20 20:24,3.96,12.0,5.5,7.3,1025.1,81.7,1.2,3.22,1.9
2026-04-20 21:29,3.36,12.0,4.6,7.0,1024.7,96.1,0.7,2.79,1.1
2026-04-20 22:27,3.36,12.0,4.6,7.0,1024.7,96.1,-0.3,2.95,1.8
2026-04-20 23:25,3.03,2.0,3.9,6.1,1024.6,24.3,-0.2,2.94,1.1
2026-04-21 01:08,3.62,352.0,4.3,5.2,1024.4,0.0,-0.2,3.59,0.9
2026-04-21 04:22,3.7,345.0,4.9,5.5,1023.5,0.0,-0.4,3.36,1.3
2026-04-21 06:22,3.36,348.0,4.3,7.6,1023.1,0.0,3.0,3.48,0.9
2026-04-21 08:20,3.9,354.0,4.7,9.4,1022.5,59.9,3.8,4.53,1.8
2026-04-21 10:04,1.87,163.0,4.0,10.0,1021.1,28.2,4.8,3.54,0.8
2026-04-21 11:34,2.03,206.0,2.9,9.6,1020.6,8.2,5.7,3.64,0.9
2026-04-21 12:44,3.51,321.0,4.3,10.3,1020.1,61.8,5.2,4.1,1.2
2026-04-21 14:46,4.13,20.0,5.6,11.2,1019.0,8.8,4.1,4.78,3.8
2026-04-21 16:09,1.45,224.0,3.8,9.9,1017.8,18.0,4.1,4.05,0.4
2026-04-21 17:18,1.26,6.0,2.3,10.0,1017.8,9.6,2.6,2.36,0.4
2026-04-21 18:15,2.26,300.0,2.7,9.6,1017.4,3.2,1.6,1.93,0.9
2026-04-21 19:39,2.59,292.0,3.1,8.7,1017.3,0.0,1.1,2.19,0.8
2026-04-21 20:31,3.06,288.0,3.8,7.4,1017.2,0.1,1.2,3.02,1.2
2026-04-21 21:27,3.97,282.0,4.7,6.6,1016.6,5.2,1.0,3.03,1.6
2026-04-21 22:24,4.09,321.0,5.0,6.4,1016.3,0.3,1.2,4.2,1.4
2026-04-21 23:21,4.91,329.0,5.9,6.8,1015.3,0.0,0.7,4.2,1.8
2026-04-22 00:06,4.91,329.0,5.9,6.8,1015.3,0.0,0.1,4.2,2.8
2026-04-22 03:44,5.45,305.0,7.4,5.0,1012.6,0.0,0.7,4.23,1.9
2026-04-22 05:59,5.56,291.0,6.7,5.7,1011.2,99.7,2.4,5.25,1.8
2026-04-22 08:02,7.34,283.0,8.7,7.2,1009.4,100.0,3.2,7.11,3.6
2026-04-22 09:55,8.27,297.0,10.1,7.5,1008.0,100.0,2.9,7.43,4.9
2026-04-22 11:03,8.19,303.0,9.8,7.9,1007.2,100.0,2.7,7.3,5.0
2026-04-22 12:10,8.18,306.0,9.8,8.1,1006.0,100.0,3.6,7.68,4.6
2026-04-22 14:12,9.17,313.0,11.1,8.5,1005.4,99.6,3.3,8.28,7.8
2026-04-22 15:43,9.7,327.0,11.8,8.5,1004.8,43.0,2.5,8.52,3.3
2026-04-22 16:58,9.44,325.0,12.1,8.2,1004.7,39.6,2.1,8.41,3.6
2026-04-22 18:03,8.61,324.0,12.7,7.4,1005.3,86.2,1.7,7.75,2.1
2026-04-22 19:41,9.82,351.0,12.1,7.7,1005.5,55.1,1.3,9.09,4.2
2026-04-22 20:54,12.47,1.0,15.6,7.2,1006.4,9.3,0.8,8.89,4.0
2026-04-22 21:50,10.63,13.0,14.1,6.3,1007.7,99.9,1.1,8.95,3.6
2026-04-22 22:45,10.06,19.0,15.9,4.7,1009.3,0.0,0.4,8.76,5.5
2026-04-22 23:44,8.61,8.0,12.9,4.0,1010.4,0.0,0.1,7.42,3.2
2026-04-23 02:31,8.76,340.0,11.1,2.4,1011.0,0.0,-0.3,6.44,2.8
2026-04-23 05:17,8.71,342.0,11.2,2.8,1011.5,45.7,1.0,7.35,2.8
2026-04-23 07:11,8.22,348.0,10.4,4.1,1011.5,56.8,1.8,7.17,3.2
2026-04-23 09:06,7.5,344.0,9.9,5.2,1011.6,79.6,2.6,6.8,3.2
2026-04-23 10:50,6.96,345.0,9.4,5.8,1011.1,63.7,3.0,6.48,4.6
2026-04-23 11:58,6.19,355.0,8.7,6.4,1010.7,60.9,3.0,5.95,2.9
2026-04-23 14:00,4.47,14.0,6.6,7.2,1009.4,5.4,3.1,4.86,1.5
2026-04-23 16:01,3.47,189.0,5.8,5.6,1008.9,82.0,4.0,4.1,1.8
2026-04-23 17:49,4.56,205.0,7.1,4.1,1008.6,74.5,2.9,2.59,1.7
2026-04-23 19:09,4.9,234.0,5.8,4.2,1008.1,93.8,1.1,3.7,1.4
2026-04-23 20:14,5.36,250.0,6.7,3.8,1007.6,63.0,1.2,3.59,1.7
2026-04-23 21:09,4.71,295.0,6.7,4.4,1007.4,97.9,1.3,3.91,1.1
2026-04-23 22:03,4.71,295.0,6.7,4.4,1007.4,97.9,0.9,3.91,1.7
2026-04-23 23:09,4.21,291.0,5.1,3.8,1006.1,99.9,1.0,3.22,1.6
2026-04-24 00:05,4.43,295.0,5.4,3.7,1005.8,100.0,1.1,3.41,2.2
2026-04-24 03:53,3.55,314.0,4.7,3.3,1005.0,100.0,0.6,2.59,1.5
2026-04-24 06:07,5.9,348.0,7.1,5.8,1005.5,98.5,2.4,5.42,1.6
2026-04-24 08:24,6.32,332.0,7.6,7.5,1005.9,65.1,3.3,6.15,1.8
2026-04-24 10:09,7.63,335.0,9.4,8.0,1006.1,68.1,3.7,7.11,4.4
2026-04-24 11:36,6.86,342.0,9.3,8.3,1006.1,15.4,3.8,6.76,3.8
2026-04-24 12:41,6.84,335.0,9.0,8.4,1005.4,82.9,3.9,6.09,2.5
2026-04-24 14:44,5.74,353.0,7.9,8.3,1005.3,43.5,3.3,4.97,2.5
2026-04-24 16:03,4.66,350.0,7.0,7.7,1004.6,1.9,2.6,4.2,1.7
2026-04-24 17:16,3.86,338.0,5.5,7.3,1004.4,4.8,2.1,3.58,1.0
2026-04-24 18:02,2.62,329.0,4.6,6.9,1004.3,5.1,1.4,2.43,0.6
2026-04-24 19:15,2.8,302.0,3.4,6.3,1003.9,0.0,1.1,2.48,0.9
2026-04-24 20:03,3.4,271.0,4.0,4.7,1003.5,0.8,1.6,2.92,1.0
2026-04-24 21:08,4.47,269.0,5.2,4.1,1003.2,20.4,1.3,3.8,1.7
2026-04-24 22:05,3.9,289.0,5.5,4.0,1002.6,96.1,1.2,3.05,1.4
2026-04-24 23:01,3.05,258.0,4.6,3.6,1001.4,100.0,1.4,2.5,1.1
2026-04-24 23:57,3.79,253.0,4.6,4.2,1001.8,100.0,0.8,3.06,1.3
2026-04-25 02:47,7.04,229.0,8.6,4.1,997.8,100.0,0.8,4.94,1.9
2026-04-25 05:10,7.82,214.0,10.3,4.2,994.2,100.0,0.5,5.74,2.1
2026-04-25 06:47,7.01,243.0,10.5,4.0,993.3,100.0,1.6,4.63,3.0
2026-04-25 08:04,7.79,236.0,9.5,3.8,992.4,99.2,3.5,4.65,3.3
2026-04-25 09:13,7.78,232.0,11.8,4.0,991.9,100.0,2.5,5.3,3.1
2026-04-25 10:08,7.1,237.0,10.5,4.0,991.5,100.0,2.5,5.35,3.7
2026-04-25 11:07,7.1,237.0,10.5,4.0,991.5,100.0,2.6,5.35,3.3
2026-04-25 11:56,8.01,227.0,9.8,3.8,991.0,100.0,2.8,5.22,3.9
2026-04-25 13:07,6.34,236.0,9.4,3.5,989.6,100.0,4.4,4.49,2.6
2026-04-25 14:09,5.26,262.0,7.4,5.6,989.2,100.0,2.9,4.95,2.4
2026-04-25 15:03,7.73,307.0,11.6,5.4,989.4,59.5,1.4,7.23,3.5
2026-04-25 15:58,8.71,300.0,13.3,4.9,989.7,98.8,1.5,7.23,3.9
2026-04-25 16:53,9.73,315.0,12.6,4.3,990.0,69.8,0.6,8.41,6.3
2026-04-25 17:36,10.08,327.0,12.6,3.3,990.6,100.0,0.3,8.59,3.7
2026-04-25 18:25,10.04,332.0,13.0,2.8,991.6,100.0,0.2,8.7,1.7
2026-04-25 19:30,10.92,335.0,14.0,2.3,992.1,100.0,0.1,9.12,2.7
2026-04-25 20:07,12.2,337.0,15.7,2.1,992.5,100.0,0.0,10.73,3.3
2026-04-25 20:59,12.2,337.0,15.7,2.1,992.5,100.0,0.0,10.73,3.3
2026-04-25 21:46,12.83,341.0,17.1,2.0,993.4,100.0,0.1,11.35,4.1
2026-04-25 22:35,12.45,339.0,16.6,1.9,993.8,100.0,-0.1,10.74,6.5
2026-04-25 23:21,13.01,332.0,17.0,1.7,994.1,99.7,-0.2,11.3,4.1
2026-04-26 00:07,14.13,335.0,18.4,1.7,995.1,100.0,-0.2,12.03,3.2
2026-04-26 03:58,13.58,338.0,18.0,2.0,997.4,100.0,-0.3,12.0,3.7
2026-04-26 06:10,13.4,342.0,18.1,2.5,999.9,81.3,0.6,11.36,3.7
2026-04-26 07:55,13.3,341.0,17.5,3.1,1000.8,52.4,1.0,11.26,5.2
2026-04-26 09:00,13.07,340.0,17.3,4.2,1002.8,5.2,1.5,11.16,5.6
2026-04-26 10:09,13.17,336.0,17.0,4.5,1003.9,8.3,1.5,11.32,7.5
2026-04-26 11:06,12.78,335.0,16.9,4.8,1004.8,35.5,1.6,11.11,6.7
2026-04-26 11:58,12.78,335.0,16.9,4.8,1004.8,35.5,1.6,11.11,6.7
2026-04-26 13:19,11.36,336.0,15.4,5.6,1006.0,15.2,1.6,9.77,7.4
2026-04-26 14:11,11.28,336.0,14.6,5.7,1006.7,7.0,1.6,9.49,5.5
2026-04-26 15:04,11.18,334.0,14.2,5.7,1007.2,4.8,1.3,9.27,3.9
2026-04-26 15:59,11.21,336.0,14.8,5.7,1007.1,18.4,1.2,9.36,3.9
2026-04-26 16:56,10.65,336.0,14.1,5.5,1007.5,5.2,0.8,9.13,3.7
2026-04-26 17:38,9.76,336.0,13.3,5.1,1008.2,31.4,0.4,8.3,2.6
2026-04-26 18:28,9.76,336.0,13.3,5.1,1008.2,31.4,-0.3,8.3,1.6
2026-04-26 19:32,9.07,334.0,11.8,4.1,1009.1,0.0,0.0,7.85,2.3
2026-04-26 20:07,8.7,333.0,11.2,3.6,1009.5,0.0,-0.1,7.59,2.3
2026-04-26 20:59,8.7,333.0,11.2,3.6,1009.5,0.0,-0.1,7.59,2.3
2026-04-26 21:49,8.7,333.0,11.2,3.6,1009.5,0.0,-0.6,7.59,1.7
2026-04-26 22:36,9.27,332.0,11.6,2.7,1010.3,0.0,-0.2,7.76,4.8
2026-04-26 23:23,9.27,332.0,11.6,2.7,1010.3,0.0,-0.4,7.76,2.9
2026-04-27 01:13,8.96,334.0,11.6,1.8,1011.2,4.3,-0.2,7.58,2.4
2026-04-27 04:43,8.86,337.0,12.2,2.3,1012.5,5.8,0.4,7.29,1.7
2026-04-27 07:33,8.27,348.0,10.2,5.5,1013.8,1.3,2.2,7.21,3.3
2026-04-27 09:58,8.29,334.0,10.4,6.2,1013.4,8.5,2.9,7.39,3.4
2026-04-27 11:49,8.88,334.0,11.1,6.3,1013.3,90.9,2.7,7.9,4.7
2026-04-27 13:49,8.96,20.0,12.1,6.0,1013.6,98.7,2.3,8.57,7.8
2026-04-27 15:47,9.28,347.0,11.8,5.3,1014.3,63.7,1.7,8.32,3.3
2026-04-27 17:20,10.01,345.0,12.5,4.6,1015.0,55.6,1.7,8.59,2.1
2026-04-27 18:52,9.51,350.0,12.3,4.6,1015.1,30.5,0.8,8.37,1.6
2026-04-27 20:07,8.6,351.0,11.9,4.1,1015.7,22.6,0.5,7.87,2.4
2026-04-27 21:18,8.71,343.0,11.0,3.8,1015.6,67.2,0.4,7.72,2.8
2026-04-27 22:11,8.71,343.0,11.0,3.8,1015.6,67.2,0.4,7.72,3.6
2026-04-27 23:13,9.27,334.0,11.5,3.3,1015.6,1.1,0.1,7.93,2.9
2026-04-28 00:09,8.64,332.0,11.3,2.6,1015.9,0.0,-0.1,7.19,2.0
2026-04-28 04:09,8.45,331.0,10.7,1.4,1017.1,0.0,1.3,6.62,1.6
2026-04-28 06:46,10.06,340.0,12.8,3.2,1016.9,6.4,1.5,8.72,2.8
2026-04-28 09:20,9.37,347.0,12.2,4.4,1018.0,23.1,2.3,8.03,4.0
2026-04-28 11:19,9.0,347.0,11.6,5.1,1018.5,87.2,2.2,7.8,4.9
2026-04-28 13:01,8.09,355.0,10.4,5.5,1019.1,100.0,1.7,7.2,6.2
2026-04-28 15:40,6.7,358.0,10.4,4.9,1020.1,98.7,1.3,6.03,2.9
2026-04-28 17:20,7.45,359.0,9.9,4.4,1020.7,68.3,1.2,6.46,2.9
2026-04-28 19:10,6.21,357.0,8.8,3.6,1021.3,48.3,0.7,5.0,2.6
2026-04-28 20:43,5.92,346.0,7.5,3.4,1021.9,55.4,0.4,4.82,1.8
2026-04-28 21:56,6.16,338.0,7.6,3.1,1022.2,81.2,0.5,5.3,1.2
2026-04-28 22:57,6.63,339.0,8.1,2.8,1022.4,31.3,0.3,5.52,3.5
2026-04-28 23:58,6.98,341.0,8.8,2.3,1022.9,45.4,0.0,5.72,2.3
2026-04-29 03:47,6.95,343.0,8.8,1.8,1024.3,0.0,0.0,5.42,2.6
2026-04-29 06:22,5.82,342.0,7.4,3.4,1025.0,27.6,1.8,5.29,1.6
2026-04-29 08:58,5.2,339.0,7.2,4.2,1025.2,11.4,2.9,5.01,1.5
2026-04-29 11:02,5.09,326.0,6.3,6.0,1025.0,1.2,3.7,5.31,1.9
2026-04-29 12:56,5.3,328.0,7.0,6.7,1024.4,11.0,3.7,4.68,1.9
2026-04-29 15:15,3.56,324.0,4.8,7.4,1023.4,67.4,3.1,4.0,1.2
2026-04-29 16:55,3.62,307.0,4.5,7.2,1023.2,54.2,2.7,3.59,2.0
2026-04-29 18:10,4.96,310.0,5.8,6.1,1023.4,80.1,1.7,4.08,1.4
2026-04-29 19:55,5.5,289.0,6.5,5.2,1023.9,68.7,1.6,4.35,1.3
2026-04-29 21:03,3.76,290.0,5.8,4.6,1023.6,89.1,1.4,3.37,0.9
2026-04-29 22:12,4.74,284.0,5.5,4.3,1023.9,95.6,1.4,4.23,1.7
2026-04-29 23:12,4.49,288.0,5.5,4.0,1023.4,96.8,1.0,3.63,1.3
2026-04-30 00:10,3.85,287.0,5.3,3.8,1023.2,100.0,0.8,3.47,2.0
2026-04-30 04:06,3.9,259.0,4.7,3.1,1022.5,100.0,1.2,3.13,1.6
2026-04-30 06:44,3.36,248.0,4.1,3.2,1021.8,100.0,1.3,2.88,1.4
2026-04-30 09:10,4.15,230.0,4.9,3.5,1021.9,99.8,4.5,2.93,1.6
2026-04-30 11:10,3.92,223.0,4.7,3.7,1021.4,90.6,6.0,2.71,1.9
2026-04-30 12:57,4.78,215.0,6.1,4.2,1020.7,99.2,4.8,2.94,2.3
2026-04-30 15:11,4.21,241.0,5.5,6.2,1020.0,76.5,6.9,2.09,1.3
2026-04-30 16:50,3.78,246.0,5.0,6.7,1020.1,89.7,6.5,1.72,1.3
2026-04-30 18:09,3.83,255.0,4.7,7.1,1020.3,100.0,3.0,2.61,1.1
2026-04-30 19:51,3.79,288.0,4.6,8.1,1020.7,100.0,3.8,3.19,0.9
2026-04-30 20:59,4.3,297.0,5.0,8.5,1021.1,90.6,3.2,4.42,1.3
2026-04-30 22:03,5.39,327.0,6.6,8.1,1021.1,24.3,2.0,4.42,1.9
2026-04-30 23:13,4.79,328.0,6.2,7.4,1021.2,14.7,1.9,4.08,1.5
2026-05-01 00:09,3.81,330.0,5.6,7.0,1021.1,0.0,1.7,3.17,1.0
2026-05-01 04:32,2.49,292.0,3.1,5.9,1021.1,48.1,2.2,1.74,0.8
2026-05-01 07:16,4.08,223.0,4.7,5.9,1021.4,0.1,7.8,3.36,1.3
2026-05-01 09:13,6.74,213.0,7.9,4.1,1020.6,10.7,7.4,5.25,2.8
2026-05-01 10:45,7.33,216.0,8.6,4.6,1019.8,54.6,7.6,5.31,3.7
2026-05-01 11:58,7.7,218.0,9.1,4.8,1019.4,65.3,7.9,5.06,2.8
2026-05-01 13:43,8.54,227.0,10.6,5.2,1018.3,88.5,7.0,5.64,2.9
2026-05-01 14:54,8.43,232.0,10.0,5.6,1017.9,81.4,7.0,5.67,3.4
2026-05-01 15:56,7.91,233.0,9.8,5.8,1016.9,70.2,6.9,5.15,3.1
2026-05-01 16:58,7.32,236.0,9.2,6.3,1016.6,27.8,6.6,4.87,2.2
2026-05-01 18:04,6.63,238.0,7.9,5.9,1016.4,18.2,4.4,4.23,1.4
2026-05-01 19:42,6.52,234.0,8.5,5.5,1016.0,28.9,3.4,4.05,1.6
2026-05-01 20:51,6.22,238.0,7.8,5.3,1015.6,5.4,2.3,3.99,1.2
2026-05-01 21:52,5.19,238.0,7.6,4.9,1015.5,50.4,2.3,3.22,1.1
2026-05-01 22:48,4.6,232.0,6.1,4.6,1015.1,33.0,2.1,3.22,1.1
2026-05-01 23:51,3.84,224.0,5.5,4.7,1014.2,88.5,1.5,2.53,0.9
2026-05-02 02:35,3.51,221.0,4.7,5.0,1012.5,43.9,0.5,1.92,0.6
2026-05-02 05:24,2.92,240.0,3.8,4.6,1011.5,29.3,4.9,1.85,1.1
2026-05-02 07:13,7.79,230.0,9.1,5.8,1011.1,0.0,8.3,4.57,2.2
2026-05-02 08:45,8.64,226.0,10.2,5.6,1011.2,0.0,6.2,6.3,3.2
2026-05-02 09:57,9.6,224.0,11.5,5.3,1011.0,3.1,5.6,7.16,4.6
2026-05-02 10:55,10.33,224.0,12.5,5.3,1010.7,0.0,5.3,7.69,4.5
2026-05-02 11:43,11.34,228.0,13.8,5.3,1010.4,10.7,5.5,8.19,6.0
2026-05-02 13:08,11.12,231.0,14.6,5.6,1009.7,0.4,6.0,7.41,4.7
2026-05-02 14:15,10.52,232.0,13.4,5.7,1009.6,45.4,5.8,6.75,4.3
2026-05-02 15:07,10.14,233.0,12.6,5.7,1009.3,0.0,5.5,6.23,4.0
2026-05-02 16:03,10.44,233.0,12.9,5.8,1009.1,0.0,4.2,6.4,3.2
2026-05-02 17:09,9.46,234.0,12.0,5.6,1008.7,74.6,3.3,5.87,2.9
2026-05-02 18:04,8.77,232.0,11.3,5.6,1008.6,19.2,2.5,5.24,1.8
2026-05-02 19:29,8.24,230.0,10.3,6.0,1008.2,44.7,1.6,4.99,2.1
2026-05-02 20:08,6.91,228.0,9.8,5.7,1007.7,12.7,1.7,5.59,1.6
2026-05-02 21:02,6.91,228.0,9.8,5.7,1007.7,12.7,1.0,5.59,1.5
2026-05-02 22:01,4.81,214.0,6.5,5.2,1007.5,0.0,1.5,4.0,1.0
2026-05-02 23:04,6.66,221.0,7.9,5.6,1006.3,1.5,1.3,5.48,1.5
2026-05-03 00:02,7.41,228.0,8.8,5.6,1005.8,19.8,1.3,5.86,1.5
2026-05-03 04:14,4.65,250.0,8.7,5.3,1005.5,42.4,2.2,2.8,2.0
2026-05-03 06:42,3.26,247.0,4.8,6.0,1006.8,100.0,5.0,2.18,1.3
2026-05-03 08:45,4.68,254.0,5.9,6.2,1008.3,84.9,7.1,2.86,3.1
2026-05-03 10:03,5.08,210.0,6.0,6.0,1008.1,58.7,7.2,4.11,2.5
2026-05-03 11:09,5.98,211.0,7.1,5.2,1008.4,99.6,5.2,4.46,2.1
2026-05-03 11:59,5.98,211.0,7.1,5.2,1008.4,99.6,5.2,4.46,2.1
2026-05-03 13:41,5.01,241.0,6.9,6.1,1007.9,99.5,8.3,3.06,3.0
2026-05-03 14:47,5.2,237.0,6.1,5.9,1008.1,98.3,8.6,2.57,2.1
2026-05-03 15:45,5.77,232.0,7.2,6.3,1007.5,99.3,4.8,3.75,2.3
2026-05-03 16:48,5.77,232.0,7.2,6.3,1007.5,99.3,4.3,3.75,1.8
2026-05-03 17:45,4.42,239.0,6.4,6.2,1007.6,98.5,4.3,2.61,1.4
2026-05-03 18:58,3.99,245.0,5.3,6.4,1007.3,98.9,4.4,2.11,2.0
