aika,temp,har_ws,har_gust,har_dir,laru_actual,laru_dir,laru_predicted
2026-03-09 15:39,nan,8.1,10.0,234.0,3.4,233,4.6
2026-03-09 20:00,nan,6.2,7.2,243.0,2.4,243,2.8
2026-03-09 21:56,nan,7.2,7.8,235.0,1.9,234,4.1
2026-03-09 23:03,nan,6.2,7.3,253.0,2.1,260,2.8
2026-03-10 00:00,nan,6.1,6.7,236.0,1.4,229,3.5
2026-03-10 01:02,0.2,5.6,6.3,242.0,1.1,252,2.5
2026-03-10 01:55,nan,5.6,6.8,240.0,1.1,208,3.2
2026-03-10 07:01,nan,7.6,8.6,224.0,3.9,207,4.3
2026-03-10 09:31,nan,7.4,8.6,232.0,2.6,210,4.2
2026-03-10 12:03,nan,8.3,9.5,224.0,5.6,193,4.7
2026-03-10 13:51,nan,8.6,9.8,227.0,5.5,198,4.9
2026-03-10 16:35,nan,6.9,7.6,225.0,5.3,191,3.9
2026-03-10 19:29,nan,5.6,5.8,237.0,2.8,194,3.2
2026-03-10 21:51,1.2,3.2,3.8,222.0,3.0,181,1.8
2026-03-10 23:02,1.9,6.2,6.9,227.0,4.6,198,3.5
2026-03-10 23:56,nan,7.0,7.8,227.0,3.9,209,4.0
2026-03-11 00:58,nan,7.5,8.5,216.0,5.3,204,4.3
2026-03-11 01:53,nan,6.4,7.3,230.0,4.5,209,3.6
2026-03-11 07:02,nan,6.0,6.5,228.0,1.9,202,3.4
2026-03-11 09:51,nan,4.9,5.5,239.0,3.5,210,2.8
2026-03-11 12:07,nan,5.5,6.3,221.0,5.8,202,3.1
2026-03-11 13:51,nan,7.7,9.0,227.0,4.4,187,4.4
2026-03-11 16:37,nan,6.6,7.5,242.0,3.0,199,3.0
2026-03-11 19:36,nan,3.7,4.3,188.0,2.2,153,2.1
2026-03-11 21:51,nan,8.4,9.4,204.0,3.8,201,4.8
2026-03-11 23:02,2.1,6.7,7.3,211.0,4.0,189,3.8
2026-03-12 00:01,nan,3.9,4.8,248.0,3.4,200,1.8
2026-03-12 00:58,nan,5.0,5.4,218.0,2.0,186,2.8
2026-03-12 01:54,nan,6.8,7.6,216.0,2.9,184,3.9
2026-03-12 07:07,nan,5.7,6.4,193.0,2.2,185,3.2
2026-03-12 08:25,nan,7.2,8.1,172.0,2.0,163,3.2
2026-03-12 09:53,nan,4.2,7.1,186.0,3.4,177,2.4
2026-03-12 12:07,nan,8.3,9.4,206.0,5.6,204,4.7
2026-03-12 12:13,nan,8.2,9.3,207.0,6.0,205,4.7
2026-03-12 12:38,nan,8.2,9.2,218.0,6.6,202,4.7
2026-03-12 13:45,nan,10.9,13.5,221.0,7.8,206,6.2
2026-03-12 16:37,nan,7.7,9.2,235.0,5.3,207,4.4
2026-03-12 19:35,nan,7.5,8.4,237.0,3.9,212,4.3
2026-03-12 21:53,nan,7.6,8.9,216.0,4.7,211,4.3
2026-03-12 23:05,nan,10.1,11.8,207.0,4.3,205,5.8
2026-03-13 00:00,nan,10.5,12.0,199.0,5.0,210,6.0
2026-03-13 00:58,nan,10.6,12.4,204.0,6.5,209,6.0
2026-03-13 01:54,nan,9.4,10.8,232.0,7.4,217,5.4
2026-03-13 07:05,nan,12.5,14.8,195.0,7.9,191,7.1
2026-03-13 09:52,2.1,12.2,14.5,189.0,7.7,187,7.0
2026-03-13 11:59,nan,9.5,10.9,182.0,8.0,166,5.4
2026-03-13 13:46,nan,7.6,8.9,190.0,6.1,159,4.3
2026-03-13 16:30,nan,8.2,9.1,178.0,7.3,151,3.7
2026-03-13 18:06,nan,9.1,10.7,176.0,6.1,148,4.1
2026-03-13 20:00,nan,8.3,9.2,168.0,3.7,141,3.7
2026-03-13 21:50,nan,9.3,10.2,177.0,4.7,147,4.2
2026-03-13 23:48,nan,10.1,11.1,173.0,5.7,155,4.5
2026-03-14 00:58,nan,10.1,11.1,173.0,3.6,150,4.5
2026-03-14 01:56,nan,9.6,10.8,171.0,6.7,162,4.3
2026-03-14 07:01,2.9,9.5,10.8,164.0,4.6,148,4.3
2026-03-14 09:25,nan,8.7,9.6,162.0,4.2,169,3.9
2026-03-14 11:03,2.7,7.4,9.5,158.0,2.7,156,3.3
2026-03-14 12:01,nan,6.0,6.5,148.0,2.0,134,2.7
2026-03-14 13:01,nan,4.4,5.2,128.0,2.0,118,2.0
2026-03-14 13:56,nan,3.5,4.7,90.0,0.8,156,1.6
2026-03-14 16:59,nan,2.0,2.7,156.0,0.0,126,0.9
2026-03-14 17:53,nan,4.1,5.7,188.0,0.8,126,2.3
2026-03-14 19:01,nan,7.9,8.6,184.0,2.0,157,4.5
2026-03-14 19:58,nan,7.6,8.9,162.0,3.6,143,3.4
2026-03-14 21:54,nan,9.5,10.4,156.0,4.4,144,4.3
2026-03-14 22:57,nan,10.6,11.7,160.0,5.5,149,4.8
2026-03-15 00:58,nan,10.4,11.5,165.0,4.9,159,4.7
2026-03-15 01:55,nan,9.7,10.9,171.0,5.8,160,4.4
2026-03-15 11:50,nan,2.6,3.4,152.0,1.1,160,1.2
2026-03-15 13:00,nan,2.5,3.5,157.0,0.9,145,1.1
2026-03-15 13:55,nan,3.1,3.8,102.0,0.8,128,1.4
2026-03-15 16:00,nan,2.9,3.7,111.0,1.6,116,1.3
2026-03-15 17:01,nan,2.5,3.1,203.0,1.2,157,1.4
2026-03-15 17:59,nan,3.5,4.1,209.0,2.8,159,2.0
2026-03-15 19:02,2.8,5.1,5.4,194.0,2.2,205,2.9
2026-03-15 20:00,nan,5.8,6.2,203.0,3.1,187,3.3
2026-03-15 21:44,nan,8.9,10.1,226.0,4.9,208,5.1
2026-03-15 22:58,nan,7.7,8.6,237.0,3.0,231,4.4
2026-03-16 00:59,nan,5.8,6.6,230.0,2.8,195,3.3
2026-03-16 01:57,nan,6.9,7.7,233.0,2.9,214,3.9
2026-03-16 08:05,nan,4.1,4.5,236.0,0.7,175,2.3
2026-03-16 11:50,nan,3.9,5.0,215.0,3.3,192,2.2
2026-03-16 12:52,-0.2,4.9,5.5,201.0,3.3,186,2.8
2026-03-16 13:45,nan,3.7,4.3,223.0,3.2,196,2.1
2026-03-16 15:09,nan,0.7,1.0,187.0,0.6,200,0.4
2026-03-16 16:40,nan,2.1,2.5,105.0,0.4,156,0.9
2026-03-16 17:45,nan,2.0,2.8,82.0,0.4,71,0.9
2026-03-16 19:00,nan,3.0,3.5,69.0,0.5,73,1.4
2026-03-16 20:04,nan,3.2,3.5,67.0,0.2,76,1.4
2026-03-16 21:31,nan,2.9,3.6,60.0,1.6,62,1.3
2026-03-16 22:03,nan,3.9,4.3,71.0,1.1,77,1.8
2026-03-16 23:00,nan,3.8,4.4,74.0,1.0,79,1.7
2026-03-16 23:50,nan,4.6,5.1,68.0,1.6,70,2.1
2026-03-17 00:32,0.4,4.6,5.6,51.0,1.8,57,2.1
2026-03-17 01:00,nan,4.9,5.5,68.0,0.6,37,2.2
2026-03-17 01:46,nan,5.4,6.0,71.0,1.5,71,2.4
2026-03-17 04:01,nan,4.5,5.5,62.0,1.5,58,2.0
2026-03-17 06:27,nan,3.1,4.6,85.0,0.9,103,1.4
2026-03-17 07:45,nan,1.9,3.2,43.0,0.3,69,0.9
2026-03-17 09:02,0.2,2.7,3.3,91.0,0.8,91,1.2
2026-03-17 10:03,nan,2.3,3.7,66.0,0.8,91,1.0
2026-03-17 11:10,nan,2.4,2.9,134.0,0.7,153,1.1
2026-03-17 12:10,nan,1.5,1.9,125.0,0.5,153,0.7
2026-03-17 13:11,nan,0.9,1.1,171.0,0.6,223,0.4
2026-03-17 13:57,nan,0.7,1.1,187.0,0.9,159,0.4
2026-03-17 15:23,1.2,1.4,1.6,219.0,0.0,157,0.8
2026-03-17 16:41,nan,4.7,5.5,218.0,0.6,187,2.7
2026-03-17 18:05,nan,5.5,6.7,239.0,1.4,187,3.1
2026-03-17 19:30,nan,5.9,6.7,233.0,4.0,203,3.4
2026-03-17 20:33,nan,8.3,9.4,230.0,3.3,217,4.7
2026-03-17 21:38,nan,8.9,10.4,235.0,3.6,215,5.1
2026-03-17 22:20,nan,9.1,10.6,250.0,3.4,215,4.1
2026-03-17 23:09,nan,9.3,10.6,248.0,3.1,215,4.2
2026-03-17 23:55,nan,8.5,9.9,243.0,3.9,216,3.8
2026-03-18 00:32,nan,9.0,10.5,251.0,2.9,223,4.0
2026-03-18 01:04,nan,8.5,10.3,259.0,3.3,226,3.8
2026-03-18 01:48,nan,7.1,8.7,249.0,2.6,231,3.2
2026-03-18 04:05,nan,8.5,9.9,239.0,2.7,232,4.8
2026-03-18 06:33,nan,8.1,9.8,253.0,3.8,231,3.6
2026-03-18 07:48,nan,9.1,10.7,238.0,7.6,218,5.2
2026-03-18 09:01,nan,9.8,11.7,233.0,6.0,208,5.6
2026-03-18 10:02,0.4,9.6,11.4,232.0,6.8,218,5.5
2026-03-18 11:09,nan,9.8,11.5,222.0,7.3,214,5.6
2026-03-18 12:13,nan,9.1,10.6,227.0,6.6,216,5.2
2026-03-18 13:12,nan,10.6,12.5,230.0,7.8,216,6.0
2026-03-18 14:01,nan,9.7,11.4,227.0,8.5,214,5.5
2026-03-18 15:55,nan,12.0,14.1,229.0,7.8,212,6.8
2026-03-18 17:02,0.9,10.7,12.8,240.0,8.0,219,6.1
2026-03-18 18:34,nan,9.4,10.9,246.0,6.5,235,4.2
2026-03-18 19:42,nan,8.7,9.9,235.0,7.3,228,5.0
2026-03-18 20:57,nan,8.8,10.8,228.0,8.2,225,5.0
2026-03-18 21:51,nan,12.6,14.6,227.0,7.6,218,7.2
2026-03-18 22:34,nan,12.3,14.7,226.0,9.1,216,7.0
2026-03-18 23:07,nan,13.3,16.3,219.0,9.8,215,7.6
2026-03-18 23:51,nan,11.0,12.8,233.0,9.0,215,6.3
2026-03-19 00:31,0.5,9.9,11.5,233.0,7.1,217,5.6
2026-03-19 01:01,nan,9.2,11.0,229.0,6.3,210,5.2
2026-03-19 01:45,nan,9.5,10.9,228.0,6.7,214,5.4
2026-03-19 04:06,nan,10.1,11.9,231.0,7.5,212,5.8
2026-03-19 06:32,0.8,8.7,10.4,233.0,5.7,223,5.0
2026-03-19 07:45,nan,8.7,10.4,233.0,4.2,222,5.0
2026-03-19 08:56,nan,9.6,11.6,230.0,4.9,216,5.5
2026-03-19 09:48,nan,9.7,11.0,233.0,4.6,231,5.5
2026-03-19 10:40,nan,9.3,10.4,232.0,4.8,218,5.3
2026-03-19 11:41,nan,9.3,10.7,227.0,4.9,217,5.3
2026-03-19 12:38,nan,8.2,9.2,236.0,3.6,224,4.7
2026-03-19 13:22,1.4,7.0,7.9,246.0,2.2,220,3.1
2026-03-19 14:02,nan,6.5,7.5,242.0,2.3,216,2.9
2026-03-19 15:43,nan,7.6,8.7,234.0,3.1,202,4.3
2026-03-19 16:45,nan,5.7,6.4,249.0,1.7,213,2.6
2026-03-19 17:53,nan,4.7,5.2,245.0,0.6,264,2.1
2026-03-19 18:56,nan,4.8,5.2,249.0,2.1,214,2.2
2026-03-19 19:53,nan,4.6,5.0,262.0,1.3,251,2.1
2026-03-19 20:57,nan,4.9,5.2,273.0,1.3,251,2.2
2026-03-19 21:48,nan,4.3,4.6,267.0,1.6,283,1.9
2026-03-19 22:36,nan,5.6,5.9,297.0,2.1,290,2.5
2026-03-19 23:07,nan,6.1,6.5,304.0,1.4,292,2.7
2026-03-19 23:50,nan,3.2,3.6,304.0,0.6,301,1.4
2026-03-20 00:27,nan,3.7,4.1,303.0,1.3,295,1.7
2026-03-20 01:00,nan,4.4,4.9,310.0,0.5,283,2.0
2026-03-20 01:46,nan,4.7,6.0,323.0,1.8,346,2.1
2026-03-20 04:00,nan,5.6,6.3,323.0,2.9,344,2.5
2026-03-20 06:21,nan,4.6,5.2,335.0,3.7,347,2.1
2026-03-20 07:39,nan,5.2,5.6,319.0,4.1,348,2.3
2026-03-20 08:35,nan,4.5,4.7,327.0,4.3,354,2.0
2026-03-20 09:32,1.4,4.4,4.9,324.0,3.0,352,2.0
2026-03-20 10:05,nan,3.2,3.5,320.0,1.4,4,1.4
2026-03-20 11:01,4.2,2.7,3.1,286.0,2.5,184,1.2
2026-03-20 11:59,nan,4.2,4.5,233.0,2.7,167,2.4
2026-03-20 12:51,2.3,5.0,5.5,213.0,1.7,193,2.8
2026-03-20 13:33,nan,6.6,7.0,229.0,3.3,162,3.8
2026-03-20 13:58,nan,6.9,7.5,236.0,2.8,182,3.9
2026-03-20 16:08,nan,7.8,8.8,227.0,0.8,51,4.4
2026-03-20 17:09,nan,6.7,7.3,223.0,0.8,152,3.8
2026-03-20 18:00,nan,6.1,6.5,226.0,0.0,227,3.5
2026-03-20 18:56,nan,6.9,7.3,251.0,0.4,193,3.1
2026-03-20 19:37,nan,5.8,6.2,250.0,0.1,259,2.6
2026-03-20 20:05,nan,6.1,6.4,251.0,0.9,235,2.7
2026-03-20 21:08,nan,4.5,5.2,274.0,0.0,280,2.0
2026-03-20 21:50,nan,3.5,3.9,278.0,0.0,280,1.6
2026-03-20 22:31,nan,3.4,3.8,266.0,0.0,279,1.5
2026-03-20 23:01,1.4,3.6,3.8,297.0,0.6,279,1.6
2026-03-20 23:47,nan,3.0,3.2,271.0,0.6,280,1.4
2026-03-21 00:27,nan,3.5,3.8,268.0,0.3,280,1.6
2026-03-21 00:59,nan,3.6,4.0,254.0,0.8,280,1.6
2026-03-21 01:38,nan,5.4,6.0,232.0,2.1,179,3.1
2026-03-21 01:57,nan,5.2,5.7,238.0,0.5,266,3.0
2026-03-21 04:25,nan,4.7,5.2,223.0,1.6,166,2.7
2026-03-21 06:18,nan,6.3,7.3,228.0,3.2,210,3.6
2026-03-21 07:14,nan,6.7,7.4,221.0,1.7,197,3.8
2026-03-21 07:57,nan,6.8,8.1,221.0,2.9,205,3.9
2026-03-21 08:51,1.7,7.2,8.1,231.0,2.1,187,4.1
2026-03-21 09:32,1.8,7.6,8.6,225.0,4.9,186,4.3
2026-03-21 09:56,nan,7.9,9.1,223.0,5.9,198,4.5
2026-03-21 10:35,nan,8.6,9.9,225.0,6.5,199,4.9
2026-03-21 11:01,2.2,9.3,11.0,227.0,6.8,203,5.3
2026-03-21 11:48,nan,9.5,10.9,220.0,7.4,202,5.4
2026-03-21 12:25,nan,9.3,10.9,224.0,7.6,201,5.3
2026-03-21 12:57,nan,9.3,10.8,224.0,7.1,206,5.3
2026-03-21 13:26,nan,9.3,10.7,227.0,6.7,198,5.3
2026-03-21 13:52,nan,10.7,12.2,228.0,5.7,205,6.1
2026-03-21 14:45,nan,8.6,9.5,234.0,7.7,216,4.9
2026-03-21 15:41,3.5,8.1,9.7,242.0,6.6,215,3.6
2026-03-21 16:26,nan,8.3,9.2,247.0,6.5,225,3.7
2026-03-21 16:57,nan,8.9,10.4,242.0,6.8,224,4.0
2026-03-21 17:30,nan,9.2,10.7,248.0,5.1,223,4.1
2026-03-21 17:53,nan,10.2,11.8,248.0,5.6,220,4.6
2026-03-21 18:28,nan,9.7,11.3,238.0,6.5,229,5.5
2026-03-21 18:58,nan,8.5,9.7,238.0,6.7,232,4.8
2026-03-21 19:32,2.3,7.5,8.9,236.0,6.1,230,4.3
2026-03-21 19:55,nan,7.2,8.5,229.0,5.5,217,4.1
2026-03-21 20:35,nan,6.4,7.5,228.0,4.5,222,3.6
2026-03-21 21:03,nan,5.4,6.7,232.0,5.4,207,3.1
2026-03-21 21:40,nan,7.6,8.7,232.0,4.8,207,4.3
2026-03-21 22:25,nan,6.7,7.7,235.0,5.1,219,3.8
2026-03-21 22:56,nan,6.6,7.4,237.0,4.6,206,3.8
2026-03-21 23:26,nan,7.8,8.8,229.0,3.1,214,4.4
2026-03-21 23:53,nan,7.4,8.2,224.0,3.9,206,4.2
2026-03-22 00:23,1.9,7.2,8.0,226.0,4.7,209,4.1
2026-03-22 00:56,nan,7.4,8.2,225.0,4.0,196,4.2
2026-03-22 01:27,nan,8.9,10.4,214.0,4.5,206,5.1
2026-03-22 01:54,nan,8.4,9.9,222.0,4.3,213,4.8
2026-03-22 04:06,nan,9.1,10.5,224.0,5.2,209,5.2
2026-03-22 06:30,nan,8.9,10.3,224.0,5.3,213,5.1
2026-03-22 07:40,nan,10.4,11.5,229.0,5.3,210,5.9
2026-03-22 08:50,nan,11.0,12.8,225.0,7.9,205,6.3
2026-03-22 09:37,nan,10.3,12.0,227.0,8.7,207,5.9
2026-03-22 10:00,nan,10.0,11.9,230.0,8.1,206,5.7
2026-03-22 10:48,nan,9.5,11.3,229.0,8.5,209,5.4
2026-03-22 11:31,nan,11.7,13.4,229.0,7.6,208,6.7
2026-03-22 11:58,nan,11.7,13.7,229.0,7.7,203,6.7
2026-03-22 12:35,nan,12.0,13.9,231.0,8.5,203,6.8
2026-03-22 12:58,nan,11.7,13.5,228.0,8.1,205,6.7
2026-03-22 13:29,nan,10.9,12.3,224.0,6.8,205,6.2
2026-03-22 13:53,2.9,11.2,13.2,228.0,8.3,209,6.4
2026-03-22 14:49,nan,11.9,13.8,233.0,7.4,215,6.8
2026-03-22 15:43,nan,11.4,13.9,233.0,7.7,214,6.5
2026-03-22 16:27,nan,12.2,15.0,236.0,7.8,219,7.0
2026-03-22 16:57,nan,10.6,12.5,239.0,7.6,222,6.0
2026-03-22 17:31,2.8,9.9,11.4,238.0,7.0,225,5.6
2026-03-22 17:54,nan,10.8,12.8,239.0,6.3,221,6.2
2026-03-22 18:29,nan,8.6,9.6,243.0,6.0,222,3.9
2026-03-22 18:59,nan,9.1,10.6,244.0,5.1,226,4.1
2026-03-22 19:34,nan,8.4,10.0,235.0,6.1,227,4.8
2026-03-22 19:55,nan,7.4,8.7,237.0,4.3,223,4.2
2026-03-22 20:36,nan,6.4,7.4,236.0,3.7,210,3.6
2026-03-22 21:04,nan,7.3,8.3,235.0,4.8,213,4.2
2026-03-22 21:41,nan,8.9,10.3,224.0,7.2,205,5.1
2026-03-22 22:26,nan,9.3,10.6,210.0,7.3,210,5.3
2026-03-22 22:57,nan,10.0,12.2,213.0,7.1,209,5.7
2026-03-22 23:30,nan,10.2,11.8,221.0,7.6,208,5.8
2026-03-22 23:55,nan,9.5,10.9,226.0,7.9,203,5.4
2026-03-23 00:24,nan,9.7,11.5,229.0,6.5,205,5.5
2026-03-23 00:57,nan,9.3,10.5,231.0,6.8,214,5.3
2026-03-23 01:33,nan,8.6,9.9,233.0,6.2,212,4.9
2026-03-23 01:57,nan,8.2,9.4,228.0,5.9,215,4.7
2026-03-23 04:37,nan,9.4,10.8,219.0,7.8,211,5.4
2026-03-23 06:54,nan,10.7,12.3,224.0,6.8,214,6.1
2026-03-23 08:10,nan,10.4,12.3,221.0,8.5,207,5.9
2026-03-23 09:41,nan,10.4,12.6,225.0,8.7,202,5.9
2026-03-23 10:54,nan,9.6,12.0,233.0,9.4,216,5.5
2026-03-23 12:02,nan,10.1,11.4,225.0,8.7,213,5.8
2026-03-23 13:11,nan,8.1,9.2,232.0,8.6,215,4.6
2026-03-23 13:56,nan,7.9,8.9,239.0,8.2,206,4.5
2026-03-23 15:12,3.5,6.0,7.0,245.0,9.8,209,2.7
2026-03-23 16:34,nan,10.5,12.2,234.0,10.0,226,6.0
2026-03-23 17:39,nan,11.5,14.0,236.0,9.1,224,6.6
2026-03-23 18:34,nan,12.3,14.2,242.0,6.6,229,5.5
2026-03-23 19:31,nan,9.8,11.2,245.0,5.1,224,4.4
2026-03-23 20:29,nan,7.9,9.3,240.0,4.2,227,4.5
2026-03-23 21:33,nan,6.7,7.5,241.0,3.5,230,3.0
2026-03-23 22:08,nan,6.0,6.8,253.0,1.8,239,2.7
2026-03-23 22:56,nan,5.4,6.6,243.0,1.8,207,2.4
2026-03-23 23:38,nan,5.4,6.1,240.0,1.2,214,3.1
2026-03-24 00:01,nan,5.0,5.5,241.0,1.6,231,2.2
2026-03-24 00:54,nan,5.7,6.2,235.0,1.5,220,3.2
2026-03-24 01:31,nan,5.9,6.6,238.0,1.8,182,3.4
2026-03-24 01:58,nan,6.4,7.5,237.0,1.9,205,3.6
2026-03-24 04:46,nan,3.3,3.9,236.0,0.1,216,1.9
2026-03-24 06:52,1.0,5.5,6.3,210.0,1.9,192,3.1
2026-03-24 07:59,nan,8.4,9.5,223.0,3.3,205,4.8
2026-03-24 09:15,nan,7.1,8.1,221.0,5.4,211,4.0
2026-03-24 10:03,nan,8.2,9.2,222.0,5.5,207,4.7
2026-03-24 11:10,nan,8.2,9.7,225.0,5.3,208,4.7
2026-03-24 12:11,nan,7.5,8.6,219.0,5.8,203,4.3
2026-03-24 13:11,nan,8.0,9.0,233.0,6.8,204,4.6
2026-03-24 13:59,nan,7.4,9.0,230.0,7.7,200,4.2
2026-03-24 15:43,nan,9.8,11.6,224.0,6.3,202,5.6
2026-03-24 16:57,nan,6.9,7.7,231.0,4.0,206,3.9
2026-03-24 18:09,nan,7.1,8.0,234.0,4.4,218,4.0
2026-03-24 19:16,nan,8.6,9.9,234.0,6.2,210,4.9
2026-03-24 20:11,nan,7.9,9.1,203.0,4.9,193,4.5
2026-03-24 21:31,nan,9.0,10.5,205.0,4.9,197,5.1
2026-03-24 22:06,nan,7.4,8.6,188.0,6.2,192,4.2
2026-03-24 22:59,nan,6.8,7.7,200.0,3.8,196,3.9
2026-03-24 23:48,nan,9.7,11.0,208.0,4.5,207,5.5
2026-03-25 00:29,nan,10.1,15.4,212.0,5.9,204,5.8
2026-03-25 01:02,nan,9.0,10.6,211.0,5.3,213,5.1
2026-03-25 01:49,nan,8.8,10.2,213.0,4.2,206,5.0
2026-03-25 04:05,nan,10.8,12.3,206.0,5.0,203,6.2
2026-03-25 06:30,nan,8.4,9.4,192.0,6.4,179,4.8
2026-03-25 07:46,nan,8.4,9.7,190.0,5.7,189,4.8
2026-03-25 09:01,nan,8.4,9.9,196.0,6.0,186,4.8
2026-03-25 10:02,nan,9.5,11.3,204.0,2.8,184,5.4
2026-03-25 11:11,nan,11.1,13.0,190.0,7.5,183,6.3
2026-03-25 12:11,nan,9.1,10.4,187.0,7.4,175,5.2
2026-03-25 13:10,nan,8.3,9.6,176.0,6.2,163,3.7
2026-03-25 13:58,nan,8.0,8.5,159.0,6.8,159,3.6
2026-03-25 15:41,nan,7.2,8.1,167.0,5.9,159,3.2
2026-03-25 16:58,nan,8.1,9.0,181.0,1.9,148,4.6
2026-03-25 19:29,nan,7.6,8.3,180.0,2.5,173,4.3
2026-03-25 20:31,4.3,6.5,7.6,172.0,3.7,148,2.9
2026-03-25 21:30,nan,7.3,8.0,183.0,6.7,186,4.2
2026-03-25 22:05,nan,6.6,7.7,186.0,5.5,185,3.8
2026-03-25 23:00,nan,8.1,9.1,180.0,5.6,163,4.6
2026-03-25 23:50,nan,9.2,10.0,175.0,8.6,165,4.1
2026-03-26 00:35,nan,9.7,11.0,178.0,7.4,156,4.4
2026-03-26 01:06,nan,9.1,10.2,180.0,7.8,160,5.2
2026-03-26 01:52,3.9,9.2,10.5,181.0,8.1,177,5.2
2026-03-26 04:10,nan,9.6,11.2,215.0,4.9,202,5.5
2026-03-26 06:42,3.0,8.0,9.6,200.0,5.8,205,4.6
2026-03-26 08:12,3.4,9.0,10.9,190.0,3.4,201,5.1
2026-03-26 09:37,nan,8.8,10.1,194.0,6.2,176,5.0
2026-03-26 10:31,nan,7.0,8.0,182.0,6.0,159,4.0
2026-03-26 11:41,nan,6.4,7.1,184.0,4.8,160,3.6
2026-03-26 12:51,3.8,4.6,5.3,173.0,3.4,175,2.1
2026-03-26 13:48,nan,4.9,6.2,185.0,5.0,191,2.8
2026-03-26 15:13,4.2,7.9,9.3,229.0,7.8,224,4.5
2026-03-26 16:45,nan,10.0,11.5,220.0,6.7,203,5.7
2026-03-26 18:10,nan,8.1,9.4,197.0,6.9,197,4.6
2026-03-26 19:31,nan,6.5,7.3,221.0,6.5,211,3.7
2026-03-26 20:38,nan,8.1,9.7,211.0,4.9,203,4.6
2026-03-26 21:41,nan,7.5,8.5,203.0,3.9,204,4.3
2026-03-26 22:34,nan,8.9,10.0,207.0,4.9,212,5.1
2026-03-26 23:04,nan,9.7,11.7,201.0,3.9,217,5.5
2026-03-26 23:48,nan,5.9,7.4,225.0,4.1,215,3.4
2026-03-27 00:28,nan,5.9,7.2,227.0,4.0,194,3.4
2026-03-27 00:59,nan,5.5,6.4,231.0,2.7,212,3.1
2026-03-27 01:41,nan,5.0,5.9,256.0,4.1,213,2.2
2026-03-27 04:12,2.1,5.5,6.4,225.0,4.3,213,3.1
2026-03-27 06:42,2.3,7.1,8.5,227.0,5.8,219,4.0
2026-03-27 08:12,1.8,7.5,9.5,241.0,3.6,218,3.4
2026-03-27 09:36,nan,6.7,7.7,235.0,4.2,191,3.8
2026-03-27 10:27,nan,6.9,8.7,228.0,6.0,198,3.9
2026-03-27 11:35,nan,8.6,10.1,225.0,6.8,192,4.9
2026-03-27 12:29,nan,9.9,11.6,220.0,7.3,198,5.6
2026-03-27 13:26,nan,7.8,9.2,219.0,6.0,201,4.4
2026-03-27 14:07,nan,9.0,10.7,219.0,6.0,202,5.1
2026-03-27 15:46,nan,9.8,10.8,220.0,6.3,200,5.6
2026-03-27 16:49,nan,8.4,9.3,220.0,5.4,194,4.8
2026-03-27 17:52,2.5,7.7,8.8,227.0,4.6,200,4.4
2026-03-27 18:54,nan,7.8,8.6,227.0,3.9,196,4.4
2026-03-27 19:49,nan,6.9,7.9,233.0,3.1,196,3.9
2026-03-27 20:54,nan,6.1,7.3,244.0,2.8,225,2.7
2026-03-27 21:40,nan,6.4,7.2,229.0,2.4,234,3.6
2026-03-27 22:37,nan,4.8,5.5,233.0,1.0,237,2.7
2026-03-27 23:07,nan,4.9,5.7,246.0,2.1,202,2.2
2026-03-27 23:52,1.3,3.9,4.2,247.0,0.0,202,1.8
2026-03-28 00:31,nan,4.3,5.2,225.0,2.2,171,2.5
2026-03-28 01:04,nan,3.2,3.7,224.0,1.7,170,1.8
2026-03-28 01:48,nan,3.0,3.3,222.0,1.2,182,1.7
2026-03-28 04:03,nan,4.0,4.4,185.0,1.5,181,2.3
2026-03-28 06:30,nan,4.7,5.2,190.0,3.3,163,2.7
2026-03-28 07:43,nan,6.9,7.8,232.0,5.1,207,3.9
2026-03-28 08:57,nan,6.6,7.9,237.0,5.0,206,3.8
2026-03-28 09:47,nan,6.2,7.5,226.0,2.6,230,3.5
2026-03-28 10:37,nan,7.1,8.3,243.0,2.8,217,3.2
2026-03-28 11:21,nan,7.0,8.2,233.0,5.6,200,4.0
2026-03-28 11:56,nan,7.3,8.8,232.0,6.6,210,4.2
2026-03-28 12:34,nan,8.2,9.9,247.0,6.0,218,3.7
2026-03-28 13:02,1.0,8.9,10.3,246.0,5.2,225,4.0
2026-03-28 13:44,nan,8.5,9.7,247.0,6.2,220,3.8
2026-03-28 14:53,2.4,6.8,8.0,252.0,3.9,250,3.1
2026-03-28 15:51,nan,6.1,7.2,257.0,3.7,251,2.7
2026-03-28 16:31,nan,4.4,5.0,238.0,5.3,262,2.5
2026-03-28 17:01,2.1,3.9,4.2,226.0,2.5,252,2.2
2026-03-28 17:48,nan,4.9,5.8,240.0,2.5,236,2.8
2026-03-28 18:33,nan,5.4,7.4,255.0,2.6,240,2.4
2026-03-28 19:03,nan,3.9,4.3,251.0,1.2,247,1.8
2026-03-28 19:48,nan,2.7,3.0,283.0,0.0,247,1.2
2026-03-28 20:39,nan,2.5,3.1,227.0,0.0,247,1.4
2026-03-28 21:18,nan,3.9,4.3,172.0,2.2,161,1.8
2026-03-28 21:47,nan,4.2,4.9,163.0,1.6,166,1.9
2026-03-28 22:28,nan,5.0,5.6,180.0,1.5,157,2.8
2026-03-28 23:00,nan,6.4,7.2,202.0,2.7,198,3.6
2026-03-28 23:47,nan,6.1,7.1,197.0,3.5,197,3.5
2026-03-29 00:28,nan,6.5,7.2,199.0,3.6,193,3.7
2026-03-29 01:00,nan,6.8,7.6,200.0,3.5,192,3.9
2026-03-29 01:48,nan,6.0,6.8,201.0,2.4,199,3.4
2026-03-29 04:22,1.6,4.6,5.9,202.0,3.1,175,2.6
2026-03-29 07:00,nan,7.3,8.7,207.0,5.2,201,4.2
2026-03-29 08:18,nan,5.5,6.2,227.0,5.2,204,3.1
2026-03-29 09:31,nan,7.2,8.6,209.0,5.3,200,4.1
2026-03-29 10:04,nan,7.1,8.0,216.0,6.3,199,4.0
2026-03-29 11:00,nan,6.0,6.8,219.0,5.8,193,3.4
2026-03-29 11:49,nan,6.7,8.0,202.0,4.4,200,3.8
2026-03-29 12:32,2.4,5.9,6.7,196.0,3.5,206,3.4
2026-03-29 13:03,nan,6.6,7.6,205.0,3.8,203,3.8
2026-03-29 13:46,nan,6.5,7.6,225.0,6.2,202,3.7
2026-03-29 14:53,nan,5.5,6.4,237.0,4.1,201,3.1
2026-03-29 15:53,nan,6.7,7.9,235.0,3.4,224,3.8
2026-03-29 16:32,nan,5.9,7.0,230.0,4.6,218,3.4
2026-03-29 17:03,nan,6.1,7.0,228.0,4.7,216,3.5
2026-03-29 17:48,nan,6.3,7.2,235.0,4.6,220,3.6
2026-03-29 18:34,nan,5.5,6.4,234.0,3.6,219,3.1
2026-03-29 19:04,nan,6.1,7.1,242.0,3.6,216,2.7
2026-03-29 19:50,nan,8.9,10.5,252.0,3.9,231,4.0
2026-03-29 20:41,nan,7.5,8.5,249.0,3.4,240,3.4
2026-03-29 21:31,1.3,6.5,7.8,255.0,3.1,232,2.9
2026-03-29 21:58,nan,6.8,8.1,243.0,3.4,236,3.1
2026-03-29 22:39,nan,7.0,8.9,245.0,2.3,247,3.1
2026-03-29 23:03,nan,6.1,7.2,238.0,2.3,238,3.5
2026-03-29 23:49,nan,5.3,6.2,241.0,3.4,213,2.4
2026-03-30 00:29,nan,6.2,8.2,225.0,5.4,211,3.5
2026-03-30 01:03,nan,8.5,10.2,229.0,4.8,230,4.8
2026-03-30 01:50,nan,5.3,6.9,230.0,4.5,220,3.0
2026-03-30 04:25,nan,5.3,7.2,218.0,5.6,199,3.0
2026-03-30 07:13,nan,4.0,5.4,193.0,3.3,206,2.3
2026-03-30 09:02,nan,3.2,4.9,196.0,4.6,172,1.8
2026-03-30 10:51,nan,1.9,3.0,171.0,2.4,164,0.9
2026-03-30 12:16,nan,2.3,3.1,164.0,2.2,177,1.0
2026-03-30 13:29,nan,1.5,2.1,192.0,0.8,280,0.9
2026-03-30 14:38,nan,0.5,1.4,224.0,1.1,209,0.3
2026-03-30 16:10,nan,0.9,2.3,195.0,2.4,160,0.5
2026-03-30 17:44,nan,1.6,2.6,111.0,0.8,156,0.7
2026-03-30 18:54,nan,2.2,3.0,83.0,0.3,158,1.0
2026-03-30 19:53,nan,2.3,3.0,67.0,0.0,154,1.0
2026-03-30 20:58,nan,1.0,1.5,8.0,0.0,154,0.5
2026-03-30 21:57,nan,2.1,2.5,27.0,0.0,154,0.9
2026-03-30 22:51,nan,2.8,3.6,25.0,0.6,343,1.3
2026-03-30 23:41,nan,2.1,2.7,18.0,0.6,12,0.9
2026-03-31 00:34,nan,2.6,3.5,57.0,2.6,76,1.2
2026-03-31 01:07,nan,5.8,6.6,71.0,2.3,81,2.6
2026-03-31 01:52,nan,6.1,7.2,80.0,1.5,79,2.7
2026-03-31 04:12,2.0,2.1,2.4,101.0,0.6,83,0.9
2026-03-31 06:44,nan,1.9,2.3,239.0,0.0,83,1.1
2026-03-31 08:15,nan,2.3,2.5,243.0,0.0,248,1.0
2026-03-31 09:46,nan,1.2,1.4,263.0,0.9,250,0.5
2026-03-31 10:58,nan,1.7,2.1,237.0,2.1,188,1.0
2026-03-31 13:13,nan,6.0,6.6,217.0,3.0,176,3.4
2026-03-31 14:02,4.4,5.9,7.0,217.0,5.7,203,3.4
2026-03-31 16:03,nan,7.6,8.7,228.0,5.3,202,4.3
2026-03-31 17:39,nan,8.1,8.8,239.0,3.5,202,4.6
2026-03-31 18:39,nan,6.4,6.8,231.0,0.9,162,3.6
2026-03-31 19:39,nan,6.0,6.6,247.0,0.9,162,2.7
2026-03-31 20:37,nan,3.8,4.5,268.0,0.0,162,1.7
2026-03-31 21:39,nan,4.4,4.7,296.0,2.1,288,2.0
2026-03-31 22:25,nan,4.0,4.5,311.0,1.2,322,1.8
2026-03-31 23:08,nan,3.4,4.0,311.0,1.5,301,1.5
2026-03-31 23:57,nan,5.9,6.4,321.0,1.8,340,2.7
2026-04-01 00:38,nan,5.6,6.3,319.0,3.1,335,2.5
2026-04-01 01:05,nan,6.6,8.0,337.0,4.8,345,3.0
2026-04-01 01:51,nan,6.2,7.3,347.0,3.6,349,2.8
2026-04-01 04:29,nan,2.9,3.4,281.0,0.0,280,1.3
2026-04-01 07:14,nan,2.9,3.2,285.0,0.0,268,1.3
2026-04-01 08:56,nan,4.9,5.6,258.0,2.6,234,2.2
2026-04-01 10:16,nan,6.4,7.0,240.0,2.9,263,3.9
2026-04-01 11:39,nan,5.5,6.9,233.0,4.5,217,3.4
2026-04-01 12:39,nan,5.7,6.8,233.0,5.1,199,3.5
2026-04-01 13:36,nan,4.9,5.8,218.0,5.9,193,3.0
2026-04-01 14:39,nan,6.2,7.5,216.0,7.1,196,3.8
2026-04-01 16:16,nan,8.7,10.0,229.0,7.0,205,5.3
2026-04-01 17:46,nan,8.6,10.2,233.0,5.2,209,5.2
2026-04-01 18:53,nan,6.9,7.6,243.0,3.8,211,3.1
2026-04-01 19:50,nan,5.3,6.2,229.0,4.9,191,3.2
2026-04-01 21:00,nan,4.7,5.4,230.0,3.1,218,2.9
2026-04-01 22:00,nan,3.4,4.3,234.0,2.4,198,2.1
2026-04-01 22:57,nan,3.0,3.5,219.0,3.7,200,1.8
2026-04-01 23:45,nan,2.7,3.3,194.0,2.1,170,1.6
2026-04-02 00:36,nan,3.7,4.9,172.0,0.7,174,1.7
2026-04-02 01:20,nan,4.8,5.4,203.0,1.4,148,2.9
2026-04-02 01:53,nan,5.5,6.1,196.0,2.6,163,3.4
2026-04-02 04:08,nan,7.5,8.6,195.0,5.3,196,4.6
2026-04-02 06:39,nan,7.4,8.9,204.0,4.4,194,4.5
2026-04-02 08:02,1.9,6.0,7.1,215.0,7.6,206,3.7
2026-04-02 09:43,nan,6.5,7.6,231.0,5.6,203,4.0
2026-04-02 10:55,nan,6.5,7.6,216.0,7.1,202,4.0
2026-04-02 12:01,2.2,3.7,4.3,237.0,4.1,200,2.3
2026-04-02 13:12,2.4,5.2,5.9,222.0,5.9,192,3.2
2026-04-02 14:00,nan,4.3,4.9,236.0,6.1,203,2.6
2026-04-02 15:58,nan,5.8,6.8,253.0,4.4,211,2.6
2026-04-02 17:05,nan,7.1,8.2,238.0,5.0,214,4.3
2026-04-02 18:13,nan,6.8,8.5,242.0,2.6,230,3.1
2026-04-02 19:11,nan,4.9,5.6,241.0,4.0,218,2.2
2026-04-02 20:04,nan,6.3,7.3,253.0,4.3,229,2.8
2026-04-02 21:17,nan,5.9,6.8,241.0,3.2,211,2.7
2026-04-02 22:00,nan,6.7,7.9,245.0,3.2,224,3.0
2026-04-02 22:47,nan,6.4,7.2,229.0,2.8,221,3.9
2026-04-02 23:36,nan,6.7,7.7,241.0,1.9,207,3.0
2026-04-03 00:06,nan,5.9,6.7,234.0,2.5,199,3.6
2026-04-03 00:53,2.0,6.5,7.7,240.0,3.4,207,4.0
2026-04-03 01:34,nan,6.2,6.9,241.0,1.8,203,2.8
2026-04-03 02:03,nan,5.0,5.9,243.0,1.4,203,2.2
2026-04-03 05:29,nan,5.5,6.3,237.0,1.7,215,3.4
2026-04-03 07:25,nan,5.4,6.1,231.0,1.3,224,3.3
2026-04-03 08:49,nan,4.4,5.0,254.0,1.6,287,2.0
2026-04-03 10:01,2.6,3.4,3.8,227.0,1.1,258,2.1
2026-04-03 11:11,2.8,4.3,4.8,241.0,2.1,206,1.9
2026-04-03 12:05,nan,5.5,6.0,224.0,3.6,193,3.4
2026-04-03 13:05,nan,5.8,6.4,230.0,4.4,203,3.5
2026-04-03 13:55,nan,4.8,5.4,226.0,3.1,195,2.9
2026-04-03 15:01,nan,4.8,5.4,211.0,2.8,193,2.9
2026-04-03 16:08,nan,4.8,5.4,217.0,1.9,211,2.9
2026-04-03 17:04,nan,4.7,5.1,230.0,0.7,211,2.9
2026-04-03 17:55,nan,4.3,4.7,230.0,1.2,181,2.6
2026-04-03 18:39,nan,3.9,4.4,232.0,1.1,215,2.4
2026-04-03 19:18,nan,2.9,3.3,253.0,0.6,211,1.3
2026-04-03 19:55,nan,2.1,2.3,263.0,0.0,216,0.9
2026-04-03 20:44,nan,1.9,2.1,278.0,0.1,216,0.9
2026-04-03 21:37,nan,2.6,2.9,255.0,0.6,216,1.2
2026-04-03 22:03,2.4,2.8,2.9,247.0,0.4,216,1.3
2026-04-03 22:55,nan,3.0,3.3,223.0,0.6,216,1.8
2026-04-03 23:33,nan,4.0,4.6,211.0,0.0,216,2.4
2026-04-04 00:01,2.2,3.6,3.9,235.0,0.8,168,2.2
2026-04-04 00:55,nan,3.9,4.2,246.0,0.6,159,1.8
2026-04-04 01:32,2.6,3.8,4.1,252.0,1.2,191,1.7
2026-04-04 02:00,nan,4.6,5.1,237.0,0.7,219,2.8
2026-04-04 05:18,nan,4.3,4.8,227.0,3.1,206,2.6
2026-04-04 07:04,nan,3.8,4.6,227.0,3.6,194,2.3
2026-04-04 08:14,nan,5.0,5.6,215.0,3.5,200,3.0
2026-04-04 09:29,nan,3.8,4.5,176.0,3.0,201,1.7
2026-04-04 10:05,nan,4.1,4.7,186.0,2.7,161,2.5
2026-04-04 11:01,nan,4.5,5.5,195.0,3.2,174,2.7
2026-04-04 11:56,nan,3.9,4.5,164.0,3.8,160,1.8
2026-04-04 12:36,nan,4.2,4.7,160.0,2.4,150,1.9
2026-04-04 13:03,nan,5.5,6.2,165.0,2.7,155,2.5
2026-04-04 13:46,nan,4.5,5.1,152.0,2.0,144,2.0
2026-04-04 14:53,nan,4.5,5.0,125.0,1.0,145,2.0
2026-04-04 15:52,nan,4.4,4.7,109.0,1.1,96,2.0
2026-04-04 16:32,2.5,4.4,5.1,110.0,1.0,94,2.0
2026-04-04 17:03,nan,3.9,5.5,120.0,1.2,88,1.8
2026-04-04 17:49,nan,5.0,6.1,127.0,0.8,132,2.2
2026-04-04 18:34,nan,6.6,8.7,129.0,1.3,129,3.0
2026-04-04 19:05,nan,5.6,6.7,133.0,1.8,119,2.5
2026-04-04 19:50,nan,5.1,6.9,134.0,1.0,114,2.3
2026-04-04 20:41,nan,4.8,5.7,122.0,1.4,105,2.2
2026-04-04 21:30,nan,4.8,5.6,103.0,0.5,97,2.2
2026-04-04 21:57,nan,4.0,4.7,108.0,0.8,99,1.8
2026-04-04 22:37,nan,4.4,5.0,144.0,0.6,101,2.0
2026-04-04 23:02,2.2,2.6,3.3,115.0,0.4,91,1.2
2026-04-04 23:49,nan,3.0,3.7,67.0,0.8,64,1.4
2026-04-05 00:28,nan,2.3,2.7,74.0,0.9,73,1.0
2026-04-05 01:01,nan,2.9,3.7,61.0,1.3,72,1.3
2026-04-05 01:49,nan,2.4,3.4,55.0,0.0,47,1.1
2026-04-05 04:24,nan,2.8,3.6,7.0,0.8,19,1.3
2026-04-05 07:01,2.3,2.0,2.4,224.0,0.8,302,1.2
2026-04-05 08:39,nan,3.1,3.3,212.0,1.5,212,1.9
2026-04-05 09:41,nan,4.5,5.4,224.0,2.6,195,2.7
2026-04-05 10:41,2.4,3.8,4.3,212.0,3.7,198,2.3
2026-04-05 11:38,nan,4.3,4.6,209.0,3.1,176,2.6
2026-04-05 12:06,nan,4.3,5.1,206.0,3.3,174,2.6
2026-04-05 12:56,nan,7.9,9.1,216.0,7.2,205,4.8
2026-04-05 13:30,nan,7.4,8.6,211.0,6.5,200,4.5
2026-04-05 13:58,nan,6.9,8.3,211.0,5.1,199,4.2
2026-04-05 16:01,nan,4.8,6.1,209.0,4.4,189,2.9
2026-04-05 16:55,nan,2.7,3.2,138.0,1.3,113,1.2
2026-04-05 17:32,1.9,5.2,6.0,111.0,2.0,116,2.3
2026-04-05 18:01,nan,7.2,8.2,107.0,1.5,99,3.2
2026-04-05 18:55,nan,9.7,11.6,124.0,3.3,140,4.4
2026-04-05 19:30,nan,11.1,15.8,176.0,9.3,167,5.0
2026-04-05 20:00,nan,10.3,12.8,171.0,6.8,169,4.6
2026-04-05 21:06,nan,12.0,14.0,158.0,5.5,161,5.4
2026-04-05 21:51,nan,11.7,14.0,174.0,8.6,161,5.3
2026-04-05 22:32,nan,10.8,12.6,179.0,9.3,168,4.9
2026-04-05 23:02,nan,10.7,12.3,183.0,9.2,166,6.5
2026-04-05 23:49,nan,11.2,13.5,191.0,9.7,169,6.8
2026-04-06 00:29,nan,10.5,12.4,181.0,9.8,167,6.4
2026-04-06 01:03,nan,10.5,12.2,179.0,9.8,168,4.7
2026-04-06 01:51,3.6,11.1,12.6,180.0,10.3,158,6.8
2026-04-06 04:26,nan,10.8,12.8,174.0,8.6,160,4.9
2026-04-06 07:12,nan,10.5,12.3,172.0,7.6,161,4.7
2026-04-06 09:04,nan,10.1,12.5,184.0,9.8,172,6.2
2026-04-06 10:48,nan,9.4,11.6,192.0,8.4,181,5.7
2026-04-06 12:08,nan,7.4,9.2,195.0,6.7,182,4.5
2026-04-06 13:14,nan,8.9,10.6,219.0,7.2,197,5.4
2026-04-06 14:00,nan,8.7,10.5,221.0,7.3,201,5.3
2026-04-06 15:48,nan,8.5,10.0,229.0,4.6,210,5.2
2026-04-06 16:44,nan,7.0,8.1,227.0,3.9,202,4.3
2026-04-06 17:44,nan,5.5,6.1,229.0,2.7,202,3.4
2026-04-06 18:44,nan,3.6,4.1,225.0,2.0,181,2.2
2026-04-06 19:43,nan,2.8,3.3,269.0,0.0,242,1.3
2026-04-06 20:57,nan,2.8,3.5,344.0,1.9,347,1.3
2026-04-06 21:54,nan,5.6,7.0,16.0,2.3,9,2.5
2026-04-06 22:36,nan,5.3,6.9,18.0,2.7,6,2.4
2026-04-06 23:21,nan,4.1,5.0,14.0,2.2,3,1.8
2026-04-07 00:04,nan,4.8,5.4,16.0,2.2,359,2.2
2026-04-07 00:58,nan,4.8,6.5,17.0,2.3,15,2.2
2026-04-07 01:42,2.8,4.9,5.9,30.0,2.6,6,2.2
2026-04-07 04:13,3.1,6.9,8.4,1.0,4.8,346,3.1
2026-04-07 06:43,3.2,8.1,9.1,5.0,4.9,3,3.6
2026-04-07 08:18,nan,8.5,10.5,12.0,3.7,3,3.8
2026-04-07 09:52,nan,10.2,12.2,7.0,4.9,2,4.6
2026-04-07 11:01,nan,10.0,12.4,7.0,6.5,349,4.5
2026-04-07 12:18,nan,9.8,12.2,11.0,5.6,350,4.4
2026-04-07 13:16,nan,8.8,10.2,356.0,4.3,350,4.0
2026-04-07 14:05,nan,7.9,9.9,4.0,2.9,11,3.6
2026-04-07 16:03,nan,6.8,9.2,17.0,2.8,23,3.1
2026-04-07 17:48,nan,10.3,12.9,2.0,3.9,0,4.6
2026-04-07 18:57,nan,8.2,10.2,359.0,3.8,21,3.7
2026-04-07 19:59,nan,8.2,10.2,7.0,4.1,349,3.7
2026-04-07 21:17,nan,9.0,10.7,360.0,3.0,4,4.0
2026-04-07 22:03,nan,8.6,10.2,11.0,4.0,15,3.9
2026-04-07 23:05,nan,8.1,9.2,10.0,2.5,354,3.6
2026-04-08 00:00,nan,6.9,8.9,11.0,1.3,32,3.1
2026-04-08 00:52,4.0,8.7,12.1,14.0,2.1,14,3.9
2026-04-08 01:35,nan,6.9,8.5,6.0,3.9,2,3.1
2026-04-08 02:06,nan,8.6,11.5,18.0,3.2,29,3.9
2026-04-08 05:34,nan,8.3,11.7,25.0,2.4,3,3.7
2026-04-08 07:30,nan,9.5,11.8,19.0,7.0,25,4.3
2026-04-08 09:00,nan,9.9,12.4,16.0,5.1,3,4.5
2026-04-08 10:38,nan,9.9,11.8,13.0,4.9,14,4.5
2026-04-08 11:49,nan,9.8,11.6,7.0,3.2,21,4.4
2026-04-08 12:54,nan,10.0,11.8,10.0,5.8,1,4.5
2026-04-08 13:54,nan,9.8,11.9,17.0,3.9,20,4.4
2026-04-08 15:18,nan,10.1,12.9,27.0,3.3,4,4.5
2026-04-08 16:50,nan,9.1,10.7,23.0,4.3,38,4.1
2026-04-08 18:13,nan,7.5,9.4,23.0,4.2,2,3.4
2026-04-08 19:34,nan,8.5,12.1,34.0,1.3,22,3.8
2026-04-08 20:50,nan,6.4,7.9,32.0,2.2,31,2.9
2026-04-08 21:58,nan,7.1,8.6,35.0,3.2,34,3.2
2026-04-08 22:53,nan,7.5,10.7,39.0,3.1,42,3.4
2026-04-08 23:40,nan,6.7,8.3,21.0,3.7,30,3.0
2026-04-09 00:24,nan,6.9,8.4,26.0,2.8,22,3.1
2026-04-09 01:22,nan,7.2,9.7,34.0,3.0,19,3.2
2026-04-09 02:02,0.7,7.4,10.9,38.0,3.0,13,3.3
2026-04-09 05:30,nan,6.2,7.8,31.0,2.4,23,2.8
2026-04-09 07:30,nan,5.9,8.1,47.0,2.3,20,2.7
2026-04-09 09:03,nan,5.0,6.3,31.0,1.9,13,2.2
2026-04-09 10:48,nan,4.8,6.6,25.0,3.7,3,2.2
2026-04-09 12:12,3.4,5.2,7.4,59.0,2.5,37,2.3
2026-04-09 13:18,nan,4.9,6.0,87.0,3.3,30,2.2
2026-04-09 14:06,nan,4.5,5.6,126.0,3.0,132,2.0
2026-04-09 16:17,nan,4.6,5.6,132.0,2.5,126,2.1
2026-04-09 17:57,nan,2.6,3.1,100.0,1.2,196,1.2
2026-04-09 19:11,nan,2.9,3.8,62.0,1.8,63,1.3
2026-04-09 20:12,2.6,3.8,4.7,64.0,1.2,79,1.7
2026-04-09 21:40,nan,3.4,3.9,33.0,1.0,353,1.5
2026-04-09 22:50,nan,3.5,4.0,22.0,0.9,5,1.6
2026-04-09 23:44,nan,3.6,4.5,45.0,1.1,2,1.6
2026-04-10 00:39,nan,3.6,4.0,21.0,1.3,0,1.6
2026-04-10 01:25,nan,4.6,5.3,24.0,1.5,4,2.1
2026-04-10 02:06,nan,3.0,4.0,42.0,1.7,6,1.4
2026-04-10 05:43,nan,4.2,5.5,58.0,2.0,31,1.9
2026-04-10 07:56,nan,5.6,7.3,61.0,0.8,70,2.5
2026-04-10 09:45,nan,5.1,6.3,64.0,1.2,68,2.3
2026-04-10 11:07,nan,4.2,4.8,75.0,1.4,100,1.9
2026-04-10 12:18,nan,4.6,5.6,100.0,2.1,115,2.1
2026-04-10 13:14,nan,6.7,8.5,87.0,1.6,104,3.0
2026-04-10 14:01,nan,7.3,8.7,75.0,2.0,108,3.3
2026-04-10 15:52,nan,3.6,4.7,68.0,1.0,106,1.6
2026-04-10 16:47,nan,2.8,3.9,71.0,0.7,105,1.3
2026-04-10 17:52,4.8,3.7,4.0,90.0,0.9,155,1.7
2026-04-10 18:50,nan,3.6,4.2,79.0,0.2,127,1.6
2026-04-10 19:46,nan,4.7,5.9,76.0,1.1,54,2.1
2026-04-10 20:51,nan,6.4,7.7,67.0,1.4,72,2.9
2026-04-10 21:42,nan,4.7,5.8,62.0,1.4,57,2.1
2026-04-10 22:35,nan,5.1,5.7,67.0,0.9,50,2.3
2026-04-10 23:06,nan,4.0,4.3,34.0,1.0,10,1.8
2026-04-10 23:56,nan,4.3,4.6,29.0,1.1,3,1.9
2026-04-11 00:37,nan,4.5,4.9,29.0,1.4,357,2.0
2026-04-11 01:19,nan,4.3,5.4,44.0,2.3,357,1.9
2026-04-11 01:54,nan,5.1,6.8,54.0,1.7,4,2.3
2026-04-11 04:06,nan,5.1,6.4,59.0,1.2,30,2.3
2026-04-11 06:30,nan,4.1,5.4,55.0,1.0,15,1.8
2026-04-11 07:46,nan,4.9,6.6,59.0,1.2,74,2.2
2026-04-11 08:59,nan,6.6,7.8,65.0,3.0,59,3.0
2026-04-11 09:55,nan,4.9,6.2,61.0,0.4,100,2.2
2026-04-11 10:42,3.2,5.2,5.5,74.0,1.1,92,2.3
2026-04-11 11:38,nan,6.2,6.8,82.0,0.5,108,2.8
2026-04-11 12:07,nan,6.2,7.0,84.0,1.0,108,2.8
2026-04-11 12:57,nan,6.3,6.9,78.0,2.0,106,2.8
2026-04-11 13:33,nan,4.4,5.3,71.0,1.9,82,2.0
2026-04-11 13:58,nan,4.3,5.1,75.0,1.4,90,1.9
2026-04-11 16:03,nan,5.1,5.8,73.0,1.7,94,2.3
2026-04-11 16:57,nan,4.4,4.9,75.0,0.7,85,2.0
2026-04-11 17:36,nan,3.6,3.9,65.0,0.4,88,1.6
2026-04-11 18:02,3.5,3.1,3.6,68.0,0.3,145,1.4
2026-04-11 18:57,nan,2.8,3.0,64.0,0.5,169,1.3
2026-04-11 19:35,nan,2.4,2.7,33.0,0.2,169,1.1
2026-04-11 20:01,nan,2.7,3.0,15.0,1.0,32,1.2
2026-04-11 21:06,nan,3.8,4.6,46.0,0.7,3,1.7
2026-04-11 21:51,nan,4.4,5.3,47.0,1.1,4,2.0
2026-04-11 22:32,3.8,3.7,4.5,40.0,1.0,11,1.7
2026-04-11 23:03,nan,5.0,5.8,51.0,0.9,10,2.2
2026-04-11 23:51,nan,4.6,4.9,32.0,0.9,4,2.1
2026-04-12 00:31,nan,4.9,5.6,30.0,1.2,2,2.2
2026-04-12 01:04,nan,4.5,6.3,42.0,1.4,358,2.0
2026-04-12 01:52,4.0,6.7,8.4,46.0,2.4,354,3.0
2026-04-12 04:29,nan,7.3,8.5,63.0,1.4,25,3.3
2026-04-12 07:12,3.0,7.6,8.5,74.0,1.9,71,3.4
2026-04-12 08:50,nan,7.4,8.6,73.0,2.0,71,3.3
2026-04-12 10:02,3.2,7.8,8.7,78.0,1.2,69,3.5
2026-04-12 11:07,nan,7.2,8.2,68.0,1.9,97,3.2
2026-04-12 12:03,nan,7.9,9.1,83.0,1.9,107,3.6
2026-04-12 13:02,3.2,7.2,7.9,72.0,2.5,109,3.2
2026-04-12 13:50,nan,6.2,7.2,74.0,2.3,77,2.8
2026-04-12 14:59,nan,6.2,6.7,71.0,1.7,99,2.8
2026-04-12 16:02,3.7,6.2,6.7,72.0,2.0,95,2.8
2026-04-12 17:00,nan,6.1,6.6,70.0,2.6,70,2.7
2026-04-12 17:46,nan,6.1,6.6,74.0,2.7,72,2.7
2026-04-12 18:37,nan,6.3,6.7,71.0,1.9,76,2.8
2026-04-12 19:18,nan,5.2,5.6,78.0,1.2,93,2.3
2026-04-12 19:55,nan,4.6,5.0,85.0,0.5,67,2.1
2026-04-12 20:47,nan,3.4,4.1,90.0,0.8,106,1.5
2026-04-12 21:38,nan,3.9,4.2,70.0,1.5,53,1.8
2026-04-12 22:03,nan,4.3,4.9,71.0,0.8,73,1.9
2026-04-12 22:55,nan,4.7,5.1,65.0,1.4,49,2.1
2026-04-12 23:33,nan,3.6,3.8,69.0,0.0,53,1.6
2026-04-13 00:02,3.0,3.4,3.6,63.0,0.8,53,1.5
2026-04-13 00:57,nan,2.3,2.6,35.0,0.5,53,1.0
2026-04-13 01:39,nan,2.8,3.2,12.0,0.9,53,1.3
2026-04-13 02:05,nan,2.1,2.5,38.0,0.8,353,0.9
2026-04-13 05:54,nan,3.6,4.1,16.0,0.8,2,1.6
2026-04-13 08:13,4.7,4.5,5.4,63.0,1.0,67,2.0
2026-04-13 10:24,nan,4.5,5.1,67.0,0.4,90,2.0
2026-04-13 12:20,nan,5.4,6.6,102.0,2.1,122,2.4
2026-04-13 13:46,nan,3.5,4.8,97.0,1.0,89,1.6
2026-04-13 15:23,nan,4.8,5.4,77.0,1.1,105,2.2
2026-04-13 17:04,nan,3.9,4.5,76.0,1.5,113,1.8
2026-04-13 18:39,nan,3.7,4.4,78.0,0.4,45,1.7
2026-04-13 19:42,nan,3.5,4.3,85.0,0.3,67,1.6
2026-04-13 21:12,3.6,3.0,3.8,58.0,1.5,73,1.4
2026-04-13 22:14,nan,4.3,4.6,62.0,1.8,62,1.9
2026-04-13 23:10,nan,2.9,3.6,45.0,0.0,54,1.3
2026-04-14 00:04,nan,3.1,3.8,60.0,1.0,75,1.4
2026-04-14 01:05,nan,2.9,3.3,42.0,0.8,67,1.3
2026-04-14 02:02,nan,4.1,5.2,56.0,1.6,41,1.8
2026-04-14 05:44,nan,2.3,3.1,27.0,0.6,352,1.0
2026-04-14 08:00,nan,3.2,3.5,68.0,0.7,1,1.4
2026-04-14 10:00,nan,4.5,4.9,67.0,0.8,97,2.0
2026-04-14 11:44,nan,3.7,4.0,75.0,1.3,148,1.7
2026-04-14 13:02,6.1,3.2,4.6,99.0,1.7,136,1.4
2026-04-14 14:10,nan,2.4,2.9,74.0,1.5,138,1.1
2026-04-14 16:15,nan,3.5,4.0,78.0,0.5,112,1.6
2026-04-14 17:42,7.5,2.0,2.2,61.0,0.5,132,0.9
2026-04-14 19:05,nan,1.4,1.6,62.0,0.0,132,0.6
2026-04-14 20:19,nan,0.9,1.2,114.0,0.6,132,0.4
2026-04-14 21:45,nan,1.3,1.5,60.0,0.0,132,0.6
2026-04-14 22:52,4.6,1.2,1.3,141.0,0.7,132,0.5
2026-04-14 23:51,nan,1.0,1.4,91.0,0.0,132,0.5
2026-04-15 00:43,nan,1.6,1.9,11.0,0.7,132,0.7
2026-04-15 01:40,nan,2.1,2.3,321.0,0.7,132,0.9
2026-04-15 04:26,nan,3.4,3.8,358.0,1.3,355,1.5
2026-04-15 07:12,nan,4.5,5.6,14.0,1.3,22,2.0
2026-04-15 09:04,nan,2.9,4.2,70.0,2.0,39,1.3
2026-04-15 10:57,nan,2.2,3.2,56.0,1.8,228,1.0
2026-04-15 12:19,nan,3.4,4.5,106.0,1.6,128,1.5
2026-04-15 13:30,nan,4.8,5.9,98.0,1.5,113,2.2
2026-04-15 14:42,nan,8.1,9.0,79.0,2.3,74,3.6
2026-04-15 16:44,nan,5.4,6.2,65.0,1.9,85,2.4
2026-04-15 18:04,nan,5.3,6.3,71.0,3.3,64,2.4
2026-04-15 19:34,nan,6.1,6.6,74.0,1.4,88,2.7
2026-04-15 20:45,nan,4.9,5.7,60.0,0.9,42,2.2
2026-04-15 22:02,nan,4.9,5.6,69.0,2.0,67,2.2
2026-04-15 23:09,nan,4.1,5.2,44.0,1.1,31,1.8
2026-04-16 00:06,nan,4.6,4.9,18.0,1.3,0,2.1
2026-04-16 01:04,nan,4.4,4.8,8.0,1.0,0,2.0
2026-04-16 02:01,nan,4.5,4.8,6.0,1.8,353,2.0
2026-04-16 05:49,nan,5.8,6.5,8.0,3.1,358,2.6
2026-04-16 08:00,nan,4.9,5.7,32.0,1.4,19,2.2
2026-04-16 10:07,nan,4.6,5.2,17.0,1.2,355,2.1
2026-04-16 11:51,nan,6.7,7.4,11.0,2.9,3,3.0
2026-04-16 13:01,7.3,6.8,7.8,26.0,3.3,7,3.1
2026-04-16 14:11,nan,5.5,7.1,37.0,2.0,43,2.5
2026-04-16 16:16,nan,4.8,5.4,21.0,2.2,34,2.2
2026-04-16 17:58,nan,5.9,6.9,25.0,2.3,19,2.7
2026-04-16 19:21,nan,6.7,8.7,25.0,1.8,6,3.0
2026-04-16 20:46,nan,6.4,8.1,28.0,2.6,16,2.9
2026-04-16 21:59,nan,5.5,6.3,17.0,2.8,12,2.5
2026-04-16 22:59,nan,6.9,8.5,12.0,2.2,1,3.1
2026-04-16 23:53,nan,6.4,7.4,12.0,3.9,356,2.9
2026-04-17 00:38,nan,5.9,6.7,14.0,1.8,7,2.7
2026-04-17 01:25,nan,5.7,6.9,21.0,1.9,12,2.6
2026-04-17 03:08,nan,6.2,6.5,6.0,3.0,358,2.8
2026-04-17 06:23,nan,6.1,6.9,4.0,2.7,7,2.7
2026-04-17 08:22,7.7,4.1,4.7,2.0,3.9,346,1.8
2026-04-17 10:15,nan,7.7,8.5,358.0,3.5,1,3.5
2026-04-17 11:50,nan,5.9,7.1,56.0,2.4,54,2.7
2026-04-17 12:54,nan,2.6,4.5,49.0,3.2,35,1.2
2026-04-17 13:51,11.9,1.7,2.6,67.0,3.4,349,0.8
2026-04-17 15:17,nan,6.9,7.9,357.0,4.5,343,3.1
2026-04-17 16:37,nan,6.9,8.0,360.0,2.6,16,3.1
2026-04-17 17:41,nan,7.0,7.9,351.0,3.0,12,3.1
2026-04-17 18:54,nan,5.9,7.3,1.0,2.5,3,2.7
2026-04-17 19:48,nan,6.2,7.2,12.0,1.7,1,2.8
2026-04-17 20:58,nan,3.9,4.9,23.0,1.4,359,1.8
2026-04-17 22:00,nan,3.9,4.5,8.0,1.0,3,1.8
2026-04-17 22:57,nan,3.7,3.9,7.0,1.5,359,1.7
2026-04-17 23:49,nan,4.9,5.4,13.0,1.3,4,2.2
2026-04-18 00:37,nan,4.2,5.0,21.0,1.6,358,1.9
2026-04-18 01:23,nan,5.7,7.2,51.0,1.9,22,2.6
2026-04-18 02:07,nan,5.4,6.8,58.0,2.1,60,2.4
2026-04-18 05:31,nan,3.3,3.6,35.0,1.1,12,1.5
2026-04-18 07:25,nan,3.2,4.2,57.0,1.3,3,1.4
2026-04-18 08:49,nan,3.6,4.6,74.0,0.9,105,1.6
2026-04-18 09:58,nan,2.4,3.4,94.0,1.3,135,1.1
2026-04-18 11:00,nan,5.4,6.3,128.0,2.2,125,2.4
2026-04-18 11:55,nan,5.6,6.7,125.0,2.1,119,2.5
2026-04-18 12:39,nan,4.8,5.8,134.0,2.2,120,2.2
2026-04-18 13:24,nan,3.2,3.6,154.0,1.8,135,1.4
2026-04-18 14:02,6.5,3.2,3.7,152.0,2.8,196,1.4
2026-04-18 15:37,nan,2.0,2.4,158.0,2.7,193,0.9
2026-04-18 16:23,nan,1.0,1.6,146.0,2.3,158,0.5
2026-04-18 17:22,nan,1.1,1.4,107.0,1.5,117,0.5
2026-04-18 18:06,nan,1.0,1.7,80.0,1.2,153,0.5
2026-04-18 18:59,nan,3.2,3.7,62.0,0.7,64,1.4
2026-04-18 19:46,nan,4.2,4.7,63.0,1.7,79,1.9
2026-04-18 20:50,nan,3.0,4.0,55.0,1.3,74,1.4
2026-04-18 21:40,nan,3.9,5.3,75.0,0.5,55,1.8
2026-04-18 22:05,nan,4.1,4.6,83.0,1.4,111,1.8
2026-04-18 22:55,nan,4.0,5.5,93.0,1.8,82,1.8
2026-04-18 23:34,nan,5.2,6.3,94.0,1.4,59,2.3
2026-04-19 00:03,nan,3.6,4.0,83.0,0.6,78,1.6
2026-04-19 00:57,nan,3.2,3.9,49.0,1.2,54,1.4
2026-04-19 01:38,nan,4.9,6.4,59.0,3.4,59,2.2
2026-04-19 02:05,nan,4.7,6.1,56.0,3.4,59,2.1
2026-04-19 05:51,3.1,3.7,5.3,42.0,0.9,358,1.7
2026-04-19 07:57,nan,6.1,7.5,62.0,2.6,49,2.7
2026-04-19 09:26,nan,5.9,7.6,88.0,0.8,73,2.7
2026-04-19 10:33,nan,7.3,9.1,98.0,2.5,117,3.3
2026-04-19 11:28,nan,7.4,9.1,105.0,2.8,108,3.3
2026-04-19 12:22,nan,6.8,8.2,109.0,1.7,109,3.1
2026-04-19 13:20,nan,5.5,6.5,122.0,1.6,129,2.5
2026-04-19 13:54,nan,4.3,5.3,133.0,2.2,153,1.9
2026-04-19 14:59,nan,1.9,2.2,151.0,1.0,124,0.9
2026-04-19 16:01,5.3,1.1,1.5,234.0,1.8,213,0.7
2026-04-19 17:01,nan,1.5,2.0,262.0,1.3,213,0.7
2026-04-19 17:56,nan,1.5,1.9,249.0,1.3,199,0.7
2026-04-19 18:40,nan,1.3,1.8,259.0,0.6,199,0.6
2026-04-19 19:34,nan,1.9,2.3,292.0,0.7,208,0.9
2026-04-19 20:06,nan,2.5,3.1,289.0,0.6,208,1.1
2026-04-19 21:10,nan,2.7,3.1,294.0,0.0,208,1.2
2026-04-19 21:55,nan,2.6,3.1,303.0,0.0,208,1.2
2026-04-19 22:36,nan,2.9,3.8,8.0,0.8,332,1.3
2026-04-19 23:07,nan,5.1,6.3,35.0,0.9,7,2.3
2026-04-19 23:52,nan,4.9,6.7,44.0,1.6,27,2.2
2026-04-20 00:34,nan,4.9,5.8,36.0,1.2,358,2.2
2026-04-20 01:08,nan,4.5,5.0,25.0,1.7,10,2.0
2026-04-20 01:54,nan,5.0,5.6,25.0,1.1,15,2.2
2026-04-20 04:34,nan,5.6,6.4,28.0,2.1,0,2.5
2026-04-20 07:28,nan,4.1,4.7,29.0,2.0,0,1.8
2026-04-20 09:30,nan,3.0,3.7,69.0,2.8,62,1.4
2026-04-20 11:27,nan,1.5,2.7,174.0,1.7,152,0.7
2026-04-20 13:06,nan,2.8,3.0,210.0,4.4,185,1.7
2026-04-20 14:15,nan,3.8,4.3,198.0,3.0,198,2.3
2026-04-20 16:15,nan,4.4,5.1,239.0,2.8,196,2.7
2026-04-20 17:46,nan,3.4,3.8,230.0,3.2,350,2.1
2026-04-20 19:02,9.1,5.1,7.6,17.0,2.7,358,2.3
2026-04-20 20:11,nan,5.1,5.6,9.0,2.0,358,2.3
2026-04-20 21:36,nan,5.2,5.8,5.0,2.1,357,2.3
2026-04-20 22:24,nan,5.1,5.6,7.0,2.1,355,2.3
2026-04-20 23:29,nan,5.6,6.4,2.0,1.6,356,2.5
2026-04-21 00:27,nan,5.2,5.4,3.0,2.3,353,2.3
2026-04-21 01:25,nan,5.1,5.6,359.0,1.0,359,2.3
2026-04-21 03:08,nan,4.8,5.1,349.0,2.1,3,2.2
2026-04-21 06:22,5.6,5.5,6.2,348.0,3.3,353,2.5
2026-04-21 08:22,7.8,3.1,3.4,312.0,2.6,346,1.4
2026-04-21 10:20,nan,0.9,1.5,262.0,2.7,320,0.4
2026-04-21 12:04,nan,2.8,4.6,233.0,3.6,346,1.7
2026-04-21 13:34,nan,5.4,5.9,236.0,2.5,324,3.3
2026-04-21 14:44,nan,4.4,4.6,230.0,3.7,281,2.7
2026-04-21 16:46,nan,1.9,2.6,276.0,3.2,6,0.9
2026-04-21 18:09,nan,5.0,5.9,4.0,4.4,344,2.2
2026-04-21 19:18,nan,2.5,3.0,88.0,1.1,1,1.1
2026-04-21 20:15,nan,0.8,1.7,199.0,1.7,193,0.5
2026-04-21 21:39,nan,3.2,3.4,237.0,0.0,180,2.0
2026-04-21 22:31,nan,5.0,5.2,256.0,0.5,180,2.2
2026-04-21 23:27,nan,4.2,4.6,281.0,2.2,337,1.9
2026-04-22 00:24,nan,3.4,3.7,297.0,1.6,325,1.5
2026-04-22 01:21,nan,5.4,6.2,325.0,2.4,338,2.4
2026-04-22 02:06,nan,5.7,6.3,327.0,2.9,332,2.6
2026-04-22 05:44,nan,6.7,8.1,290.0,2.4,314,3.0
2026-04-22 07:59,nan,7.4,8.5,307.0,4.5,295,3.3
2026-04-22 10:02,7.8,9.2,13.8,297.0,6.1,282,4.1
2026-04-22 11:55,nan,9.0,11.3,297.0,4.0,282,4.0
2026-04-22 13:03,nan,9.0,11.0,283.0,6.2,274,4.0
2026-04-22 14:10,nan,7.9,10.0,298.0,7.0,301,3.6
2026-04-22 16:12,9.0,10.2,12.7,314.0,8.4,313,4.6
2026-04-22 17:43,9.5,11.2,14.1,316.0,8.0,308,5.0
2026-04-22 18:58,nan,10.3,14.0,319.0,5.9,299,4.6
2026-04-22 20:03,nan,9.9,11.9,313.0,4.4,289,4.5
2026-04-22 21:41,8.4,8.0,9.8,309.0,3.7,318,3.6
2026-04-22 22:54,nan,12.3,15.6,359.0,8.0,5,5.5
2026-04-22 23:50,nan,13.9,17.3,15.0,6.2,5,6.3
2026-04-23 00:45,nan,11.6,14.6,29.0,4.3,14,5.2
2026-04-23 01:44,nan,8.6,10.7,4.0,2.3,20,3.9
2026-04-23 04:31,nan,8.9,10.6,343.0,3.1,335,4.0
2026-04-23 07:17,nan,7.9,10.6,338.0,3.4,325,3.6
2026-04-23 09:11,nan,11.5,13.5,346.0,5.7,356,5.2
2026-04-23 11:06,nan,9.2,12.8,360.0,5.1,349,4.1
2026-04-23 12:50,nan,8.4,11.5,344.0,5.9,349,3.8
2026-04-23 13:58,nan,8.5,11.4,360.0,5.1,358,3.8
2026-04-23 16:00,nan,8.3,10.3,8.0,5.7,359,3.7
2026-04-23 18:01,nan,5.2,7.2,345.0,4.0,358,2.3
2026-04-23 19:49,nan,5.7,6.9,350.0,4.0,356,2.6
2026-04-23 21:09,nan,4.7,5.8,248.0,4.0,356,2.1
2026-04-23 22:14,nan,4.5,4.9,250.0,0.9,224,2.0
2026-04-23 23:09,nan,4.5,4.7,278.0,1.7,276,2.0
2026-04-24 00:03,nan,4.7,6.0,284.0,2.4,295,2.1
2026-04-24 01:09,nan,4.9,5.6,287.0,2.3,286,2.2
2026-04-24 02:05,nan,5.5,6.3,297.0,1.3,296,2.5
2026-04-24 05:53,nan,4.9,5.9,324.0,4.4,338,2.2
2026-04-24 08:07,nan,4.2,4.8,328.0,3.6,8,1.9
2026-04-24 10:24,nan,3.8,4.9,351.0,5.5,354,1.7
2026-04-24 12:09,nan,8.5,10.5,337.0,3.3,268,3.8
2026-04-24 13:36,nan,8.1,10.2,332.0,5.4,358,3.6
2026-04-24 14:41,9.4,6.9,10.5,333.0,4.0,300,3.1
2026-04-24 16:44,nan,7.8,10.1,335.0,4.5,318,3.5
2026-04-24 18:03,nan,7.7,9.5,329.0,5.0,304,3.5
2026-04-24 19:16,nan,7.9,9.8,336.0,5.5,328,3.6
2026-04-24 20:02,nan,8.1,9.1,330.0,4.3,347,3.6
2026-04-24 21:15,nan,4.5,5.2,357.0,2.3,335,2.0
2026-04-24 22:03,6.0,2.6,3.2,329.0,1.8,275,1.2
2026-04-24 23:08,nan,4.0,4.3,261.0,1.0,271,1.8
2026-04-25 00:05,nan,4.2,4.5,259.0,1.1,247,1.9
2026-04-25 01:01,4.9,4.4,4.9,242.0,1.5,239,2.0
2026-04-25 01:57,nan,4.6,4.9,266.0,2.6,268,2.1
2026-04-25 04:47,nan,8.9,10.1,218.0,6.8,200,5.4
2026-04-25 07:10,nan,10.0,11.9,217.0,8.1,218,6.1
2026-04-25 08:47,nan,10.7,12.6,240.0,8.1,218,6.5
2026-04-25 10:04,nan,9.8,11.1,230.0,5.1,209,6.0
2026-04-25 11:13,nan,10.4,12.1,226.0,9.0,201,6.3
2026-04-25 12:08,nan,9.1,10.3,231.0,9.0,201,5.6
2026-04-25 13:07,nan,10.5,12.0,222.0,9.0,201,6.4
2026-04-25 13:56,nan,9.6,11.4,223.0,10.3,204,5.9
2026-04-25 15:07,nan,10.2,11.5,224.0,4.7,202,6.2
2026-04-25 16:09,nan,5.2,7.1,347.0,0.5,73,2.3
2026-04-25 17:03,nan,4.5,5.8,229.0,3.5,282,2.7
2026-04-25 17:58,nan,11.0,14.4,308.0,8.3,310,5.0
2026-04-25 18:53,nan,12.8,14.2,305.0,6.5,304,5.8
2026-04-25 19:36,nan,11.7,14.3,311.0,4.8,301,5.3
2026-04-25 20:25,nan,13.7,16.3,316.0,7.5,320,6.2
2026-04-25 21:30,nan,13.5,16.8,330.0,5.7,338,6.1
2026-04-25 22:07,nan,15.1,20.6,332.0,8.8,346,6.8
2026-04-25 22:59,nan,14.9,18.2,336.0,8.5,340,6.7
2026-04-25 23:46,nan,13.5,16.7,332.0,7.8,329,6.1
2026-04-26 00:35,nan,13.5,18.3,330.0,7.8,334,6.1
2026-04-26 01:21,nan,13.7,17.1,327.0,7.3,339,6.2
2026-04-26 02:07,nan,14.4,19.4,328.0,9.3,323,6.5
2026-04-26 05:58,nan,15.2,18.7,328.0,10.1,339,6.8
2026-04-26 08:10,nan,15.1,19.9,339.0,10.5,349,6.8
2026-04-26 09:55,nan,16.0,21.8,344.0,11.0,353,7.2
2026-04-26 11:00,nan,16.9,22.6,340.0,12.2,328,7.6
2026-04-26 12:09,nan,16.7,21.0,323.0,9.6,338,7.5
2026-04-26 13:06,nan,13.7,16.7,339.0,8.0,336,6.2
2026-04-26 13:58,nan,14.8,19.7,332.0,6.3,324,6.7
2026-04-26 15:19,nan,12.3,15.9,333.0,8.9,348,5.5
2026-04-26 16:11,nan,14.3,18.2,336.0,8.8,330,6.4
2026-04-26 17:04,nan,13.4,17.2,344.0,7.2,353,6.0
2026-04-26 17:59,nan,10.7,16.0,344.0,9.3,337,4.8
2026-04-26 18:56,nan,14.7,17.8,332.0,8.4,341,6.6
2026-04-26 19:38,nan,10.7,14.1,330.0,5.2,341,4.8
2026-04-26 20:28,nan,11.3,15.4,337.0,5.2,337,5.1
2026-04-26 21:32,4.5,9.2,12.8,328.0,5.0,329,4.1
2026-04-26 22:07,nan,9.1,12.1,326.0,5.0,329,4.1
2026-04-26 22:59,nan,9.7,11.6,326.0,4.4,336,4.4
2026-04-26 23:49,nan,10.5,12.7,327.0,5.3,336,4.7
2026-04-27 00:36,nan,9.9,12.0,324.0,4.8,319,4.5
2026-04-27 01:23,2.6,11.2,12.6,328.0,4.8,319,5.0
2026-04-27 03:13,2.4,11.0,13.5,332.0,7.1,337,5.0
2026-04-27 06:43,nan,10.2,12.3,335.0,5.9,336,4.6
2026-04-27 09:33,nan,8.3,11.2,345.0,7.6,355,3.7
2026-04-27 11:58,nan,9.6,12.7,326.0,7.3,346,4.3
2026-04-27 13:49,nan,9.7,12.8,352.0,6.9,348,4.4
2026-04-27 15:49,nan,12.6,16.6,336.0,7.5,339,5.7
2026-04-27 17:47,nan,10.7,14.0,336.0,8.0,352,4.8
2026-04-27 19:20,nan,10.6,13.8,342.0,6.2,334,4.8
2026-04-27 20:52,3.9,7.7,9.5,346.0,4.7,353,3.5
2026-04-27 22:07,nan,8.7,10.5,332.0,3.6,341,3.9
2026-04-27 23:18,nan,8.5,10.5,334.0,4.5,337,3.8
2026-04-28 00:11,nan,9.4,11.3,336.0,3.0,304,4.2
2026-04-28 01:13,nan,10.9,13.1,327.0,5.1,326,4.9
2026-04-28 02:09,nan,10.5,13.4,329.0,5.1,328,4.7
2026-04-28 06:09,nan,10.2,13.4,333.0,4.3,342,4.6
2026-04-28 08:46,nan,11.0,14.2,337.0,5.5,346,5.0
2026-04-28 11:20,nan,11.6,15.9,341.0,5.8,340,5.2
2026-04-28 13:19,nan,10.0,13.9,342.0,7.2,319,4.5
2026-04-28 15:01,5.5,10.0,12.8,358.0,4.6,345,4.5
2026-04-28 17:40,nan,9.4,11.7,347.0,6.3,349,4.2
2026-04-28 19:20,nan,9.9,12.4,4.0,3.2,6,4.5
2026-04-28 21:10,nan,10.3,12.8,352.0,5.9,351,4.6
2026-04-28 22:43,nan,8.2,10.1,333.0,2.8,337,3.7
2026-04-28 23:56,nan,8.6,9.8,347.0,3.6,343,3.9
2026-04-29 00:57,nan,8.2,9.6,347.0,4.1,341,3.7
2026-04-29 01:58,nan,8.3,9.7,340.0,3.4,348,3.7
2026-04-29 05:47,nan,7.5,9.0,330.0,3.2,326,3.4
2026-04-29 08:22,4.3,6.9,8.4,353.0,5.4,347,3.1
2026-04-29 10:58,nan,4.6,7.0,335.0,3.7,332,2.1
2026-04-29 13:02,nan,4.4,5.9,280.0,3.9,316,2.0
2026-04-29 14:56,nan,5.3,6.3,210.0,6.8,349,3.2
2026-04-29 17:15,nan,6.2,8.1,317.0,2.1,294,2.8
2026-04-29 18:55,nan,6.3,7.5,319.0,3.3,303,2.8
2026-04-29 20:10,nan,6.6,7.9,303.0,4.3,288,3.0
2026-04-29 21:55,nan,5.7,6.4,295.0,2.1,280,2.6
2026-04-29 23:03,nan,5.2,5.8,283.0,1.9,280,2.3
2026-04-30 00:12,4.4,4.7,5.4,257.0,1.9,233,2.1
2026-04-30 01:12,4.1,5.4,6.1,273.0,1.8,272,2.4
2026-04-30 02:10,nan,4.3,4.9,293.0,1.8,284,1.9
2026-04-30 06:06,nan,5.0,5.9,280.0,1.9,256,2.2
2026-04-30 08:44,nan,4.1,5.2,243.0,3.1,233,1.8
2026-04-30 11:10,nan,6.2,6.9,223.0,1.9,238,3.8
2026-04-30 13:10,nan,7.7,8.7,216.0,5.2,184,4.7
2026-04-30 14:57,nan,8.3,9.4,224.0,4.0,199,5.1
2026-04-30 17:12,nan,6.1,7.8,215.0,2.8,171,3.7
2026-04-30 18:50,nan,5.2,5.7,219.0,2.1,170,3.2
2026-04-30 20:09,nan,3.3,4.1,231.0,1.0,196,2.0
2026-04-30 21:51,7.9,5.1,5.4,304.0,1.7,293,2.3
2026-04-30 22:59,nan,6.8,7.5,305.0,3.4,309,3.1
2026-05-01 00:03,nan,5.2,5.7,313.0,3.3,326,2.3
2026-05-01 01:13,nan,6.5,6.8,332.0,3.0,340,2.9
2026-05-01 02:09,nan,4.7,4.9,322.0,1.9,330,2.1
2026-05-01 06:32,6.7,2.9,3.2,297.0,0.6,280,1.3
2026-05-01 09:16,nan,4.4,5.3,229.0,2.0,179,2.6
2026-05-01 11:13,nan,6.8,7.5,210.0,4.0,170,4.0
2026-05-01 12:45,nan,9.7,11.0,216.0,6.5,202,5.7
2026-05-01 13:58,nan,10.4,11.8,225.0,7.8,200,6.1
2026-05-01 15:43,nan,10.7,12.3,226.0,7.7,193,6.3
2026-05-01 16:54,nan,11.1,12.4,229.0,4.1,205,6.5
2026-05-01 17:56,nan,11.9,13.2,228.0,5.4,203,7.0
2026-05-01 18:58,nan,10.5,11.4,236.0,4.6,213,6.2
2026-05-01 20:04,nan,10.0,11.0,241.0,3.4,208,4.5
2026-05-01 21:42,nan,7.5,8.9,228.0,2.9,222,4.4
2026-05-01 22:51,5.7,6.0,6.7,236.0,3.5,195,3.5
2026-05-01 23:52,5.4,5.4,6.1,226.0,2.1,203,3.2
2026-05-02 00:48,nan,6.5,7.2,226.0,2.4,217,3.8
2026-05-02 01:51,nan,5.3,5.8,229.0,1.5,217,3.1
2026-05-02 04:35,nan,2.8,2.9,226.0,0.8,157,1.7
2026-05-02 07:24,nan,3.1,3.4,243.0,1.2,199,1.4
2026-05-02 09:13,nan,6.3,7.6,219.0,2.8,173,3.7
2026-05-02 10:45,nan,10.0,11.8,221.0,2.8,173,5.9
2026-05-02 11:57,nan,10.0,11.5,223.0,8.5,194,5.9
2026-05-02 12:55,nan,12.4,14.9,226.0,8.6,202,7.3
2026-05-02 13:43,nan,13.6,15.8,225.0,8.6,202,8.0
2026-05-02 15:08,nan,13.4,16.0,225.0,7.8,204,7.9
2026-05-02 16:15,nan,13.7,16.9,227.0,7.7,211,8.1
2026-05-02 17:07,nan,11.6,13.1,228.0,6.0,214,6.8
2026-05-02 18:03,nan,11.0,12.6,229.0,5.5,212,6.5
2026-05-02 19:09,nan,11.7,13.1,231.0,5.2,218,6.9
2026-05-02 20:04,nan,10.0,11.0,231.0,4.3,204,5.9
2026-05-02 21:29,nan,10.2,11.4,226.0,5.3,208,6.0
2026-05-02 22:08,nan,8.0,8.9,228.0,4.3,209,4.7
2026-05-02 23:02,nan,7.7,8.7,229.0,5.7,207,4.5
2026-05-03 00:01,nan,5.9,6.5,229.0,4.1,216,3.5
2026-05-03 01:04,nan,4.6,5.2,208.0,4.3,190,2.7
2026-05-03 02:03,nan,8.0,9.2,227.0,4.5,203,4.7
2026-05-03 06:14,nan,5.4,6.1,245.0,2.0,205,2.4
2026-05-03 08:43,nan,5.4,6.9,243.0,0.7,197,2.4
2026-05-03 10:45,nan,6.2,7.1,229.0,3.2,174,3.7
2026-05-03 12:03,8.1,6.1,7.5,228.0,4.0,197,3.6
2026-05-03 13:09,nan,6.6,7.4,210.0,2.8,173,3.9
2026-05-03 13:59,nan,8.2,9.5,215.0,7.2,203,4.8
2026-05-03 15:41,nan,8.4,9.1,219.0,4.7,189,5.0
2026-05-03 16:47,nan,8.9,9.8,227.0,5.3,204,5.3
2026-05-03 17:45,nan,7.9,8.6,228.0,1.8,198,4.7
2026-05-03 18:48,nan,7.6,8.5,234.0,2.0,203,4.5
2026-05-03 19:45,nan,6.9,7.6,236.0,0.8,162,4.1
2026-05-03 20:58,nan,5.9,6.1,252.0,0.0,169,2.7
2026-05-03 21:55,nan,4.2,4.6,238.0,0.2,156,2.5
2026-05-03 22:41,nan,3.9,4.6,239.0,0.4,182,2.3
2026-05-03 23:40,nan,3.3,3.7,234.0,0.0,182,1.9
2026-05-04 00:24,nan,4.2,5.0,241.0,0.0,182,1.9
2026-05-04 01:25,nan,3.9,4.1,276.0,0.0,327,1.8
2026-05-04 03:18,nan,3.2,3.7,326.0,1.3,3,1.4
2026-05-04 06:52,nan,2.6,3.2,271.0,0.3,357,1.2
2026-05-04 09:46,nan,3.6,4.2,226.0,2.1,209,2.1
2026-05-04 12:12,nan,4.7,5.4,265.0,1.6,287,2.1
2026-05-04 14:06,nan,2.7,3.1,236.0,2.6,181,1.6
2026-05-04 16:33,nan,5.6,6.2,232.0,3.3,208,3.3
2026-05-04 18:21,nan,8.5,9.8,238.0,4.6,213,5.0
2026-05-04 20:04,nan,9.1,10.5,232.0,5.1,197,5.4
2026-05-04 21:57,nan,8.8,10.0,231.0,5.1,204,5.2
2026-05-04 23:11,nan,9.8,11.8,233.0,6.9,214,5.8
2026-05-05 00:16,nan,10.3,12.9,233.0,6.2,220,6.1
2026-05-05 01:13,4.8,7.8,8.8,232.0,6.1,215,4.6
2026-05-05 02:11,nan,8.2,9.3,239.0,4.7,221,4.8
2026-05-05 05:52,4.8,6.1,7.2,208.0,6.4,205,3.6
2026-05-05 08:14,nan,10.7,12.1,222.0,6.3,204,6.3
2026-05-05 10:29,nan,11.9,13.8,227.0,9.3,203,7.0
2026-05-05 12:23,nan,11.4,13.3,234.0,5.3,259,6.7
2026-05-05 13:50,nan,8.2,10.3,234.0,4.1,263,4.8
2026-05-05 15:51,7.2,8.6,10.8,236.0,5.7,263,5.1
2026-05-05 17:52,6.8,9.1,11.2,235.0,5.0,263,5.4
2026-05-05 19:22,7.5,8.1,9.0,266.0,4.7,252,3.6
2026-05-05 20:56,nan,8.6,9.9,267.0,5.0,254,3.9
2026-05-05 22:07,nan,8.0,9.3,274.0,3.8,266,3.6
2026-05-05 23:17,nan,8.1,9.6,274.0,3.5,247,3.6
2026-05-06 00:16,nan,7.8,9.0,273.0,2.6,269,3.5
2026-05-06 01:13,nan,6.8,7.9,283.0,3.5,261,3.1
2026-05-06 02:06,nan,6.4,7.7,291.0,3.1,292,2.9
2026-05-06 06:09,nan,4.8,5.4,266.0,2.9,258,2.2
2026-05-06 08:47,nan,4.9,5.3,236.0,2.1,244,2.9
2026-05-06 11:21,nan,7.7,8.6,220.0,2.9,264,4.5
2026-05-06 13:27,nan,9.6,11.0,219.0,2.9,264,5.7
2026-05-06 15:19,nan,8.3,9.2,228.0,9.6,198,4.9
2026-05-06 17:38,nan,6.7,7.5,225.0,4.7,205,4.0
2026-05-06 19:13,6.3,6.2,6.8,223.0,3.8,190,3.7
2026-05-06 21:02,5.7,4.1,5.2,226.0,0.5,216,2.4
2026-05-06 22:48,nan,2.5,2.9,260.0,0.0,209,1.1
2026-05-06 23:56,nan,2.8,3.4,322.0,1.0,1,1.3
2026-05-07 00:52,6.1,5.1,6.0,14.0,3.0,350,2.3
2026-05-07 01:50,nan,4.9,5.3,17.0,1.6,7,2.2
2026-05-07 04:43,nan,5.2,6.2,27.0,1.0,33,2.3
2026-05-07 08:09,nan,3.1,4.4,60.0,0.8,83,1.4
2026-05-07 10:49,nan,2.6,3.2,118.0,0.3,116,1.2
2026-05-07 13:09,nan,2.8,3.1,151.0,0.3,116,1.3
2026-05-07 15:05,nan,2.0,2.4,165.0,2.4,179,0.9
2026-05-07 17:39,nan,3.5,3.8,206.0,2.5,168,2.1
2026-05-07 19:25,nan,4.4,5.1,240.0,0.8,179,2.6
2026-05-07 21:17,nan,4.7,5.1,263.0,0.0,218,2.1
2026-05-07 22:41,7.5,5.0,6.9,318.0,3.2,342,2.2
2026-05-07 23:56,nan,7.6,8.8,329.0,4.2,334,3.4
2026-05-08 01:01,nan,7.6,9.3,342.0,3.4,347,3.4
2026-05-08 02:10,nan,8.1,9.8,351.0,4.1,347,3.6
2026-05-08 05:55,nan,4.4,5.8,357.0,2.3,351,2.0
2026-05-08 07:56,nan,4.8,6.0,12.0,4.7,346,2.2
2026-05-08 09:41,nan,5.3,6.1,360.0,5.2,359,2.4
2026-05-08 11:19,nan,6.1,8.0,10.0,2.6,29,2.7
2026-05-08 12:51,8.3,6.2,6.9,217.0,0.3,5,3.7
2026-05-08 14:07,nan,6.7,7.4,221.0,5.9,183,4.0
2026-05-08 16:18,nan,6.3,7.2,235.0,4.0,208,3.7
2026-05-08 17:55,nan,6.0,6.6,238.0,3.5,206,3.5
2026-05-08 19:15,nan,5.2,5.9,251.0,1.4,201,2.3
2026-05-08 20:46,nan,3.2,3.7,304.0,0.7,198,1.4
2026-05-08 22:06,nan,1.2,1.7,262.0,0.0,198,0.5
2026-05-08 23:18,nan,1.8,2.4,349.0,0.3,358,0.8
2026-05-09 00:15,nan,1.1,1.9,202.0,0.0,358,0.6
2026-05-09 01:12,nan,2.7,3.0,104.0,0.0,350,1.2
2026-05-09 02:12,5.7,1.8,2.4,63.0,0.7,169,0.8
2026-05-09 05:59,nan,3.5,4.1,64.0,0.7,5,1.6
2026-05-09 08:23,nan,3.2,4.3,60.0,0.3,63,1.4
2026-05-09 10:21,nan,4.2,4.4,65.0,0.8,108,1.9
2026-05-09 11:54,nan,4.4,4.8,74.0,1.8,118,2.0
2026-05-09 12:56,nan,4.3,4.6,72.0,1.7,116,1.9
2026-05-09 13:51,nan,4.8,5.7,68.0,0.7,115,2.2
2026-05-09 15:15,nan,4.1,4.5,71.0,1.2,118,1.8
2026-05-09 16:32,8.4,3.2,4.1,59.0,0.9,91,1.4
2026-05-09 17:33,nan,5.0,5.8,68.0,1.4,114,2.2
2026-05-09 18:33,nan,3.9,4.5,64.0,1.4,81,1.8
2026-05-09 19:34,nan,5.5,6.4,69.0,2.9,58,2.5
2026-05-09 20:36,nan,6.1,7.1,65.0,2.5,54,2.7
2026-05-09 21:43,nan,6.6,8.1,81.0,1.3,99,3.0
2026-05-09 22:41,nan,5.9,7.5,92.0,1.2,75,2.7
2026-05-09 23:41,nan,5.4,6.6,91.0,1.4,97,2.4
2026-05-10 00:41,nan,4.3,4.9,72.0,2.2,81,1.9
2026-05-10 01:46,nan,5.7,6.3,75.0,0.9,107,2.6
2026-05-10 04:48,nan,4.5,5.4,87.0,2.2,53,2.0
2026-05-10 08:11,7.0,5.2,6.1,75.0,1.3,89,2.3
2026-05-10 10:23,nan,6.7,7.9,81.0,2.2,110,3.0
2026-05-10 12:01,nan,4.4,6.4,59.0,0.5,99,2.0
2026-05-10 13:15,nan,6.9,8.4,84.0,2.1,128,3.1
2026-05-10 14:05,nan,6.3,8.0,76.0,2.8,71,2.8
2026-05-10 15:57,nan,5.8,7.2,70.0,1.7,68,2.6
2026-05-10 16:56,nan,4.5,5.6,76.0,1.2,99,2.0
2026-05-10 17:56,nan,4.6,6.4,86.0,1.2,58,2.1
2026-05-10 18:58,nan,4.0,5.1,86.0,0.7,101,1.8
2026-05-10 19:55,nan,5.1,6.1,114.0,1.5,88,2.3
2026-05-10 21:01,nan,7.4,8.2,140.0,0.7,163,3.3
2026-05-10 22:05,nan,4.1,5.1,186.0,0.0,163,2.4
2026-05-10 23:08,nan,3.7,4.3,199.0,1.4,163,2.2
2026-05-11 00:06,nan,1.6,2.4,222.0,0.0,163,0.9
2026-05-11 01:11,nan,2.5,2.9,194.0,0.5,163,1.5
2026-05-11 02:10,nan,4.1,4.5,203.0,2.4,164,2.4
2026-05-11 06:39,nan,4.0,4.7,200.0,1.9,189,2.4
2026-05-11 13:38,nan,4.9,6.6,90.0,1.5,99,2.2
2026-05-11 16:06,nan,8.0,8.8,107.0,1.3,74,3.6
2026-05-11 19:05,nan,6.0,7.5,80.0,1.7,97,2.7
2026-05-11 21:13,nan,4.9,7.9,120.0,0.7,54,2.2
2026-05-11 22:55,nan,2.9,4.1,138.0,0.3,129,1.3
2026-05-12 00:06,nan,7.9,8.9,135.0,1.4,151,3.6
2026-05-12 01:14,nan,8.0,8.9,139.0,1.7,124,3.6
2026-05-12 02:12,nan,7.6,8.3,139.0,1.4,123,3.4
2026-05-12 06:08,nan,7.2,7.9,110.0,0.8,94,3.2
2026-05-12 09:18,nan,8.6,10.5,100.0,2.5,103,3.9
2026-05-12 12:01,7.3,9.5,10.8,76.0,1.9,74,4.3
2026-05-12 14:21,nan,8.6,10.0,94.0,2.8,75,3.9
2026-05-12 17:31,nan,7.5,8.5,63.0,1.7,74,3.4
2026-05-12 19:36,nan,5.3,7.1,55.0,2.0,51,2.4
2026-05-12 21:20,nan,4.8,6.0,69.0,2.1,43,2.2
2026-05-12 23:06,nan,3.2,4.5,117.0,1.1,69,1.4
2026-05-13 00:37,nan,9.2,9.9,151.0,3.4,143,4.1
2026-05-13 01:40,nan,7.3,8.2,170.0,0.2,170,3.3
2026-05-13 03:28,nan,4.0,4.8,186.0,1.6,151,2.4
2026-05-13 07:32,7.5,4.4,5.0,67.0,0.1,199,2.0
2026-05-13 10:19,nan,7.0,8.3,64.0,2.6,39,3.1
2026-05-13 13:00,nan,8.7,9.7,69.0,1.5,64,3.9
2026-05-13 15:23,nan,8.4,9.5,71.0,3.3,91,3.8
2026-05-13 18:08,nan,7.3,8.9,62.0,1.6,44,3.3
2026-05-13 20:19,nan,7.1,8.8,58.0,1.1,47,3.2
2026-05-13 22:14,nan,5.7,6.9,128.0,1.5,59,2.6
2026-05-13 23:47,nan,11.4,13.5,219.0,9.6,192,6.7
2026-05-14 01:04,nan,11.4,13.3,228.0,9.4,216,6.7
2026-05-14 02:17,nan,10.2,11.9,229.0,7.6,220,6.0
2026-05-14 06:16,nan,7.8,8.8,216.0,6.9,200,4.6
2026-05-14 09:25,nan,7.1,8.2,189.0,7.0,174,4.2
2026-05-14 11:57,nan,3.0,3.4,149.0,4.1,161,1.4
2026-05-14 13:55,nan,4.3,4.8,122.0,1.5,127,1.9
2026-05-14 16:08,nan,6.0,7.6,108.0,1.3,91,2.7
2026-05-14 18:22,8.4,7.3,8.2,107.0,0.8,103,3.3
2026-05-14 20:21,nan,6.5,7.8,70.0,1.8,76,2.9
2026-05-14 22:17,nan,7.9,9.2,71.0,2.6,72,3.6
2026-05-14 23:39,nan,7.3,8.3,66.0,2.8,63,3.3
2026-05-15 00:40,nan,7.2,8.2,70.0,3.3,86,3.2
2026-05-15 01:56,nan,6.1,7.6,97.0,1.7,65,2.7
2026-05-15 05:37,nan,7.3,8.4,104.0,2.3,72,3.3
2026-05-15 08:47,nan,6.7,8.0,63.0,2.1,83,3.0
2026-05-15 11:46,nan,6.5,7.4,70.0,0.6,101,2.9
2026-05-15 13:55,nan,5.4,6.3,86.0,1.2,105,2.4
2026-05-15 16:04,nan,2.5,3.1,78.0,1.9,163,1.1
2026-05-15 18:16,nan,0.5,0.8,208.0,0.3,172,0.3
2026-05-15 19:54,nan,2.1,3.2,248.0,1.0,163,0.9
2026-05-15 21:27,nan,2.5,2.8,291.0,0.0,163,1.1
2026-05-15 22:43,nan,3.5,3.9,285.0,0.0,163,1.6
2026-05-15 23:58,nan,3.6,3.9,285.0,0.3,163,1.6
2026-05-16 01:01,nan,4.3,4.7,296.0,0.3,163,1.9
2026-05-16 02:09,nan,2.9,3.7,63.0,0.2,26,1.3
2026-05-16 06:05,nan,3.9,4.6,123.0,1.0,140,1.8
2026-05-16 08:37,nan,4.9,5.4,187.0,1.2,262,2.9
2026-05-16 10:27,nan,5.0,6.0,226.0,0.6,208,2.9
2026-05-16 12:03,nan,5.0,5.7,226.0,2.2,172,2.9
2026-05-16 13:28,nan,2.7,3.2,198.0,3.7,162,1.6
2026-05-16 14:42,12.8,6.1,6.7,230.0,4.2,169,3.6
2026-05-16 16:21,nan,5.2,5.7,190.0,4.1,163,3.1
2026-05-16 17:38,nan,5.2,5.6,182.0,2.5,184,3.1
2026-05-16 18:35,nan,6.0,7.0,164.0,0.9,153,2.7
2026-05-16 19:36,nan,6.7,7.2,168.0,1.5,163,3.0
2026-05-16 20:37,nan,5.2,6.4,158.0,0.9,146,2.3
2026-05-16 21:45,nan,4.1,5.2,255.0,0.0,236,1.8
2026-05-16 22:43,nan,4.9,5.4,251.0,1.8,229,2.2
2026-05-16 23:47,nan,6.1,7.0,236.0,1.7,223,3.6
2026-05-17 00:42,nan,6.7,7.7,232.0,3.1,200,4.0
2026-05-17 01:51,nan,6.5,7.4,246.0,2.9,229,2.9
2026-05-17 04:55,nan,5.3,6.3,215.0,3.8,194,3.1
2026-05-17 08:22,6.3,6.4,7.3,216.0,5.6,184,3.8
2026-05-17 10:37,nan,6.3,7.7,220.0,5.9,193,3.7
2026-05-17 12:11,nan,5.5,6.3,226.0,4.7,165,3.2
2026-05-17 13:34,nan,5.0,5.6,213.0,5.6,173,2.9
2026-05-17 14:38,nan,6.1,6.9,213.0,5.2,172,3.6
2026-05-17 16:09,nan,5.3,6.1,214.0,5.6,194,3.1
2026-05-17 17:31,nan,5.4,6.3,207.0,3.3,219,3.2
2026-05-17 18:35,nan,4.2,6.2,225.0,3.5,251,2.5
2026-05-17 19:37,nan,3.3,4.5,218.0,3.8,237,1.9
2026-05-17 20:42,nan,5.4,5.7,243.0,2.4,226,2.4
2026-05-17 22:03,nan,4.8,5.3,232.0,1.8,205,2.8
2026-05-17 23:09,nan,3.9,4.5,238.0,1.1,205,2.3
2026-05-18 00:10,nan,4.7,4.9,275.0,1.3,292,2.1
2026-05-18 01:13,nan,3.5,3.8,300.0,1.3,318,1.6
2026-05-18 02:13,8.2,2.9,3.1,304.0,0.0,297,1.3
2026-05-18 06:44,nan,2.4,2.9,35.0,1.1,18,1.1
2026-05-18 10:43,11.7,1.9,2.1,166.0,2.7,194,0.9
2026-05-18 14:28,nan,2.2,2.4,202.0,2.6,184,1.3
2026-05-18 18:05,nan,3.7,4.1,316.0,0.3,209,1.7
2026-05-18 20:13,nan,5.3,5.9,27.0,0.9,22,2.4
2026-05-18 22:04,nan,4.9,5.5,61.0,1.6,35,2.2
2026-05-18 23:40,nan,4.3,4.6,351.0,1.4,269,1.9
2026-05-19 01:00,nan,9.0,10.1,16.0,4.2,353,4.0
2026-05-19 02:15,nan,8.5,10.6,11.0,3.2,0,3.8
2026-05-19 06:35,nan,7.2,10.7,41.0,1.9,36,3.2
2026-05-19 10:04,nan,8.1,11.0,45.0,3.9,43,3.6
2026-05-19 13:33,nan,8.3,9.7,80.0,1.3,79,3.7
2026-05-19 16:13,nan,3.1,3.6,92.0,1.7,156,1.4
2026-05-19 19:18,nan,3.0,4.3,258.0,0.7,209,1.4
2026-05-19 21:21,nan,5.4,6.4,254.0,0.8,209,2.4
2026-05-19 23:06,nan,6.1,6.6,232.0,0.2,198,3.6
2026-05-20 00:40,nan,6.2,7.1,223.0,2.7,176,3.7
2026-05-20 01:45,nan,4.3,4.9,234.0,2.4,188,2.5
2026-05-20 05:26,nan,5.5,6.4,227.0,2.3,203,3.2
2026-05-20 09:02,nan,7.4,8.8,236.0,3.5,222,4.4
2026-05-20 12:30,nan,7.6,8.3,223.0,5.9,195,4.5
2026-05-20 15:21,9.8,6.9,7.8,218.0,4.9,200,4.1
2026-05-20 18:36,nan,7.5,8.3,235.0,4.6,200,4.4
2026-05-20 21:05,nan,7.1,7.9,227.0,3.3,197,4.2
2026-05-20 23:15,nan,3.7,4.1,246.0,0.3,267,1.7
2026-05-21 00:45,nan,4.7,4.9,261.0,0.5,182,2.1
2026-05-21 02:06,nan,2.3,2.6,258.0,0.2,280,1.0
2026-05-21 06:48,nan,2.4,2.8,289.0,0.4,349,1.1
2026-05-21 10:31,nan,1.5,1.9,234.0,1.1,198,0.9
2026-05-21 13:51,nan,3.6,4.5,213.0,1.8,166,2.1
2026-05-21 17:21,nan,5.0,5.7,205.0,2.7,169,2.9
2026-05-21 19:37,nan,4.3,5.0,204.0,3.1,185,2.5
2026-05-21 21:28,nan,4.5,5.4,209.0,2.6,192,2.7
2026-05-21 23:15,nan,4.2,4.8,225.0,1.9,205,2.5
2026-05-22 00:44,nan,4.0,4.5,233.0,2.0,199,2.4
2026-05-22 02:00,nan,4.4,5.1,259.0,1.0,257,2.0
2026-05-22 06:38,nan,4.2,4.5,302.0,3.4,347,1.9
2026-05-22 10:01,nan,4.8,5.4,310.0,2.5,301,2.2
2026-05-22 13:19,nan,7.1,7.8,229.0,0.8,198,4.2
2026-05-22 15:40,nan,5.6,6.8,230.0,1.0,81,3.3
2026-05-22 18:06,nan,11.1,12.7,232.0,8.3,199,6.5
2026-05-22 20:09,nan,10.9,12.4,230.0,4.1,207,6.4
2026-05-22 22:13,nan,7.1,7.7,217.0,3.9,199,4.2
2026-05-22 23:38,nan,7.9,8.7,244.0,2.2,254,3.6
2026-05-23 00:39,nan,7.1,7.5,259.0,1.6,257,3.2
2026-05-23 01:46,nan,6.2,7.0,261.0,1.1,283,2.8
2026-05-23 04:50,nan,4.8,5.4,259.0,1.6,317,2.2
2026-05-23 08:11,nan,7.4,8.0,234.0,2.6,251,4.4
2026-05-23 10:32,nan,8.7,10.1,224.0,5.8,191,5.1
2026-05-23 12:14,nan,11.2,12.9,224.0,6.7,202,6.6
2026-05-23 13:37,nan,11.2,12.6,226.0,7.5,196,6.6
2026-05-23 14:41,nan,11.3,13.1,228.0,6.7,198,6.7
2026-05-23 16:28,nan,12.6,14.3,228.0,7.1,209,7.4
2026-05-23 17:45,nan,11.3,13.2,229.0,9.3,201,6.7
2026-05-23 18:57,nan,11.3,13.5,227.0,5.4,210,6.7
2026-05-23 20:02,9.4,12.2,13.8,232.0,6.3,218,7.2
2026-05-23 21:40,nan,10.1,11.9,233.0,5.6,204,6.0
2026-05-23 22:31,nan,8.6,9.6,231.0,5.0,206,5.1
2026-05-23 23:33,nan,7.8,8.8,230.0,6.9,200,4.6
2026-05-24 00:32,9.5,9.1,10.3,237.0,3.0,240,5.4
2026-05-24 01:38,nan,7.1,8.3,227.0,3.4,190,4.2
2026-05-24 03:35,nan,9.7,11.2,229.0,6.0,213,5.7
2026-05-24 07:45,nan,8.3,9.1,276.0,4.0,268,3.7
2026-05-24 10:27,nan,9.8,12.5,276.0,6.1,247,4.4
2026-05-24 12:21,nan,9.3,10.9,274.0,5.6,253,4.2
2026-05-24 13:51,nan,10.4,14.3,276.0,7.7,266,4.7
2026-05-24 15:22,16.0,11.0,14.1,276.0,7.2,263,5.0
2026-05-24 16:50,nan,10.4,14.1,281.0,8.6,256,4.7
2026-05-24 18:00,nan,10.9,13.0,289.0,3.7,303,4.9
2026-05-24 19:12,14.3,8.3,11.1,298.0,6.5,287,3.7
2026-05-24 20:13,nan,10.2,12.9,293.0,6.8,286,4.6
2026-05-24 21:43,13.5,7.7,9.7,274.0,3.1,267,3.5
2026-05-24 22:54,nan,7.9,8.8,247.0,2.0,237,3.6
2026-05-24 23:55,nan,8.7,9.9,252.0,3.8,239,3.9
2026-05-25 00:57,nan,9.4,10.4,257.0,3.0,236,4.2
2026-05-25 02:03,nan,6.3,6.7,253.0,2.4,246,2.8
2026-05-25 06:55,nan,8.8,10.5,305.0,3.3,293,4.0
2026-05-25 10:55,nan,11.4,14.2,298.0,7.6,285,5.1
2026-05-25 14:29,nan,14.2,17.2,309.0,7.5,313,6.4
2026-05-25 17:39,nan,11.9,15.5,283.0,6.6,278,5.4
2026-05-25 19:22,12.8,13.8,18.4,305.0,6.5,287,6.2
2026-05-25 21:06,nan,8.7,11.2,292.0,4.1,276,3.9
2026-05-25 22:45,nan,8.1,9.1,281.0,3.3,273,3.6
2026-05-26 00:07,nan,7.7,9.1,286.0,2.1,277,3.5
2026-05-26 01:34,nan,7.3,8.3,288.0,3.0,279,3.3
2026-05-26 03:28,nan,7.6,8.4,283.0,2.8,279,3.4
2026-05-26 07:48,nan,6.9,7.4,275.0,2.8,270,3.1
2026-05-26 11:53,nan,8.8,11.2,291.0,4.4,293,4.0
2026-05-26 18:30,nan,9.6,11.1,273.0,4.1,281,4.3
2026-05-26 21:05,nan,7.7,9.3,300.0,3.5,289,3.5
2026-05-26 23:01,nan,7.7,8.5,292.0,4.0,279,3.5
2026-05-27 00:41,nan,7.9,9.0,305.0,3.9,298,3.6
2026-05-27 02:02,9.2,6.7,8.2,291.0,3.6,282,3.0
2026-05-27 06:51,nan,9.5,12.0,318.0,5.6,333,4.3
2026-05-27 10:37,nan,8.9,11.0,307.0,6.5,317,4.0
2026-05-27 17:51,nan,8.7,10.9,312.0,4.3,314,3.9
2026-05-27 20:26,nan,2.7,4.3,211.0,4.8,318,1.6
2026-05-27 22:38,nan,9.2,11.7,326.0,4.5,327,4.1
2026-05-28 00:22,9.7,9.4,11.9,319.0,4.3,308,4.2
2026-05-28 01:46,nan,9.5,11.6,310.0,4.6,307,4.3
2026-05-28 04:57,nan,10.7,13.7,327.0,5.3,320,4.8
2026-05-28 08:57,nan,13.8,16.4,334.0,8.2,335,6.2
2026-05-28 12:58,nan,12.4,17.2,337.0,8.8,330,5.6
2026-05-28 16:41,nan,13.9,17.9,338.0,8.1,347,6.3
2026-05-28 20:11,nan,10.7,13.6,339.0,6.2,340,4.8
2026-05-28 22:38,nan,6.9,8.4,296.0,3.1,286,3.1
2026-05-29 00:20,nan,8.6,10.5,300.0,3.4,287,3.9
2026-05-29 01:52,9.2,9.1,10.5,298.0,3.7,291,4.1
2026-05-29 05:27,nan,8.4,10.0,305.0,4.6,323,3.8
2026-05-29 09:40,nan,9.8,12.4,333.0,5.5,0,4.4
2026-05-29 12:58,nan,8.6,11.8,326.0,7.7,343,3.9
2026-05-29 16:11,nan,9.3,11.2,359.0,2.7,11,4.2
2026-05-29 19:46,nan,4.9,5.7,160.0,0.7,163,2.2
2026-05-29 22:23,nan,1.0,1.2,263.0,0.0,180,0.5
2026-05-30 00:15,nan,3.7,3.8,278.0,0.0,180,1.7
2026-05-30 01:43,nan,4.5,5.0,322.0,2.0,343,2.0
2026-05-30 04:54,nan,5.1,5.6,8.0,1.1,0,2.3
2026-05-30 08:23,nan,1.9,2.6,325.0,2.1,0,0.9
2026-05-30 11:02,13.4,3.9,6.1,252.0,2.7,3,1.8
2026-05-30 12:54,nan,7.4,8.5,233.0,3.6,166,4.4
2026-05-30 14:04,nan,7.7,8.4,234.0,3.9,206,4.5
2026-05-30 16:08,nan,7.2,7.9,231.0,4.2,164,4.2
2026-05-30 17:39,nan,4.8,5.6,232.0,0.4,209,2.8
2026-05-30 18:41,13.1,3.7,4.0,237.0,0.6,155,2.2
2026-05-30 20:02,10.7,1.5,2.7,40.0,0.6,83,0.7
2026-05-30 21:43,nan,4.5,5.1,92.0,1.2,81,2.0
2026-05-30 22:54,nan,4.6,5.6,127.0,0.4,42,2.1
2026-05-31 00:00,nan,2.2,2.7,108.0,0.5,47,1.0
2026-05-31 01:09,nan,5.1,6.0,68.0,0.8,72,2.3
2026-05-31 02:17,nan,4.4,5.1,77.0,1.4,79,2.0
2026-05-31 06:55,nan,4.4,5.5,78.0,0.8,64,2.0
2026-05-31 10:14,nan,3.4,4.0,75.0,0.1,65,1.5
2026-05-31 12:26,nan,4.0,4.5,70.0,0.3,76,1.8
2026-05-31 14:03,nan,5.6,6.2,78.0,1.0,112,2.5
2026-05-31 16:13,nan,5.2,6.3,98.0,0.4,93,2.3
2026-05-31 17:42,9.9,4.8,5.6,86.0,1.1,67,2.2
2026-05-31 19:04,nan,3.6,4.3,68.0,0.4,92,1.6
2026-05-31 20:18,nan,3.1,4.3,64.0,0.2,61,1.4
2026-05-31 21:45,nan,4.2,4.9,68.0,1.1,64,1.9
2026-05-31 22:58,nan,3.7,4.1,66.0,0.8,85,1.7
2026-06-01 01:32,9.1,4.5,5.0,72.0,1.1,64,2.0
2026-06-01 03:57,nan,4.4,4.7,74.0,1.3,65,2.0
2026-06-01 09:02,10.1,3.2,4.0,78.0,0.2,75,1.4
2026-06-01 15:02,11.7,4.5,5.0,102.0,0.3,101,2.0
2026-06-01 21:00,nan,0.5,0.9,68.0,0.1,140,0.2
2026-06-02 00:14,nan,2.7,2.9,76.0,0.0,140,1.2
2026-06-02 01:45,nan,0.8,1.1,347.0,0.0,140,0.4
2026-06-02 05:49,nan,0.7,0.9,28.0,0.0,140,0.3
2026-06-02 10:28,nan,5.6,6.0,206.0,3.8,165,3.5
2026-06-02 14:27,nan,7.8,8.7,217.0,5.8,190,4.9
2026-06-02 19:06,nan,7.2,7.8,226.0,3.9,190,4.5
2026-06-02 22:21,nan,5.1,5.5,233.0,1.5,173,3.2
2026-06-03 00:37,nan,4.3,4.7,233.0,0.6,210,2.7
2026-06-03 02:15,nan,4.7,5.0,230.0,0.5,173,3.0
2026-06-03 07:20,nan,2.1,3.8,166.0,1.0,188,0.9
2026-06-03 12:13,nan,2.4,2.9,154.0,2.0,161,1.1
2026-06-03 17:07,nan,4.0,4.7,124.0,0.2,49,1.8
2026-06-03 21:01,nan,4.2,4.6,128.0,0.0,77,1.9
2026-06-04 00:06,nan,3.0,3.4,93.0,0.0,71,1.4
2026-06-04 02:03,nan,4.2,5.2,87.0,0.0,72,1.9
2026-06-04 07:12,nan,5.3,6.1,98.0,0.7,60,2.4
2026-06-04 11:04,nan,5.3,5.5,74.0,0.2,68,2.4
2026-06-04 14:22,14.3,5.3,6.3,63.0,1.5,86,2.4
2026-06-04 18:03,nan,8.4,9.1,109.0,1.3,77,3.8
2026-06-04 20:31,nan,6.5,7.7,115.0,0.2,112,2.9
2026-06-04 22:37,nan,3.8,4.4,155.0,0.0,77,1.7
2026-06-05 00:10,nan,2.1,2.6,90.0,0.1,77,0.9
2026-06-05 01:39,nan,4.7,5.0,74.0,0.0,65,2.1
2026-06-05 03:52,nan,6.9,7.5,142.0,0.6,82,3.1
2026-06-05 08:21,nan,6.2,6.8,149.0,0.6,111,2.8
2026-06-05 12:35,nan,3.0,4.1,76.0,1.1,67,1.4
2026-06-05 15:39,nan,5.9,6.7,123.0,0.5,85,2.7
2026-06-05 18:17,nan,6.2,6.7,121.0,0.4,100,2.8
2026-06-05 20:16,nan,5.9,6.6,113.0,0.6,98,2.7
2026-06-05 22:17,nan,6.0,6.7,112.0,1.3,104,2.7
2026-06-05 23:48,nan,6.1,6.8,112.0,0.9,94,2.7
2026-06-06 01:07,nan,5.1,6.0,117.0,1.4,59,2.3
2026-06-06 03:24,nan,7.1,8.6,132.0,0.5,86,3.2
2026-06-06 07:37,nan,6.1,6.5,110.0,0.6,86,2.7
2026-06-06 10:10,nan,6.5,8.6,89.0,3.3,61,2.9
2026-06-06 12:23,nan,5.0,6.6,91.0,1.0,94,2.2
2026-06-06 14:00,nan,7.7,8.2,107.0,1.3,76,3.5
2026-06-06 16:02,nan,9.2,11.2,205.0,7.9,195,5.8
2026-06-06 17:43,nan,11.9,14.0,221.0,8.1,209,7.5
2026-06-06 19:11,12.3,10.9,13.1,227.0,7.5,210,6.9
2026-06-06 20:41,nan,10.9,12.3,231.0,5.7,212,6.9
2026-06-06 22:07,nan,9.3,10.6,225.0,5.8,215,5.9
2026-06-06 23:32,11.0,5.6,6.8,228.0,4.6,205,3.5
2026-06-07 00:40,nan,1.8,2.4,223.0,2.8,205,1.1
2026-06-07 02:03,nan,0.6,1.0,161.0,0.8,197,0.3
2026-06-07 06:58,nan,4.5,5.2,153.0,0.9,152,2.0
2026-06-07 10:26,nan,2.7,3.6,96.0,0.7,164,1.2
2026-06-07 12:55,nan,5.5,6.0,105.0,0.2,65,2.5
2026-06-07 14:19,nan,4.4,5.2,112.0,0.7,138,2.0
2026-06-07 16:24,nan,4.2,5.3,139.0,0.4,125,1.9
2026-06-07 17:55,nan,5.9,6.4,190.0,4.0,153,3.7
2026-06-07 19:16,nan,5.6,6.0,202.0,4.1,170,3.5
2026-06-07 20:41,nan,5.7,6.2,202.0,3.2,200,3.6
2026-06-07 22:10,nan,6.1,6.8,213.0,3.0,204,3.8
2026-06-07 23:38,nan,5.1,5.9,239.0,0.7,273,3.2
2026-06-08 00:44,nan,3.3,3.5,262.0,0.0,263,1.5
2026-06-08 02:05,nan,1.8,2.1,247.0,0.0,263,0.8
2026-06-08 07:03,nan,0.8,0.9,187.0,0.5,202,0.5
2026-06-08 11:57,nan,1.7,2.1,167.0,1.9,183,0.8
2026-06-08 16:12,nan,4.0,4.2,170.0,2.2,165,1.8
2026-06-08 19:30,nan,3.8,4.2,177.0,0.0,183,1.7
2026-06-08 21:49,nan,3.1,4.0,287.0,0.0,280,1.4
2026-06-08 23:49,nan,2.4,2.6,243.0,0.0,174,1.1
2026-06-09 01:11,nan,2.0,2.2,286.0,0.0,174,0.9
2026-06-09 02:16,nan,1.3,1.5,322.0,0.0,174,0.6
2026-06-09 06:39,nan,3.2,4.1,52.0,0.2,345,1.4
2026-06-09 10:20,nan,6.6,7.3,78.0,0.6,81,3.0
2026-06-09 13:42,nan,8.0,9.6,357.0,2.2,11,3.6
2026-06-09 16:47,nan,5.5,6.5,34.0,0.8,24,2.5
2026-06-09 19:24,nan,2.6,3.3,2.0,1.2,348,1.2
2026-06-09 21:36,nan,4.9,5.2,303.0,2.3,279,2.2
2026-06-09 23:22,14.0,4.5,5.1,275.0,2.1,279,2.0
2026-06-10 01:04,nan,5.8,6.7,237.0,2.1,234,3.7
2026-06-10 03:33,nan,6.9,8.1,220.0,3.0,218,4.3
2026-06-10 08:05,nan,8.5,9.5,235.0,5.0,221,5.4
2026-06-10 12:35,nan,13.3,15.5,229.0,9.6,207,8.4
2026-06-10 15:58,nan,11.9,13.6,239.0,8.5,224,7.5
2026-06-10 19:24,nan,8.0,9.0,248.0,5.4,230,3.6
2026-06-10 21:56,nan,7.4,8.4,242.0,4.2,221,3.3
2026-06-11 00:03,nan,3.8,4.4,196.0,3.6,193,2.4
2026-06-11 01:51,nan,4.6,5.1,219.0,3.1,195,2.9
2026-06-11 05:50,nan,3.8,4.4,215.0,3.3,202,2.4
2026-06-11 10:45,nan,2.3,2.7,159.0,3.0,169,1.0
2026-06-11 14:45,nan,4.3,5.1,69.0,0.4,105,1.9
2026-06-11 18:54,nan,5.3,6.8,23.0,3.1,354,2.4
2026-06-11 21:35,nan,10.1,12.3,21.0,1.2,23,4.5
2026-06-11 23:37,nan,4.4,7.8,36.0,2.0,13,2.0
2026-06-12 01:09,nan,8.3,10.1,69.0,1.1,44,3.7
2026-06-12 03:41,nan,3.9,4.4,153.0,0.0,170,1.8
2026-06-12 08:40,nan,7.8,9.3,247.0,5.5,234,3.5
2026-06-12 12:52,12.5,11.2,13.8,232.0,7.1,218,7.1
2026-06-12 16:09,nan,9.6,11.1,238.0,5.8,210,6.0
2026-06-12 19:17,nan,6.8,7.6,240.0,3.2,226,4.3
2026-06-12 21:24,nan,5.4,6.1,239.0,1.5,229,3.4
2026-06-12 23:18,nan,4.3,5.1,233.0,2.7,213,2.7
2026-06-13 00:50,nan,3.5,4.5,253.0,1.1,222,1.6
2026-06-13 02:19,nan,3.9,4.7,285.0,1.2,292,1.8
2026-06-13 06:55,nan,1.0,1.5,38.0,0.7,5,0.5
2026-06-13 10:19,nan,1.7,2.3,252.0,1.2,185,0.8
2026-06-13 12:41,nan,1.2,1.3,200.0,0.6,150,0.8
2026-06-13 14:23,nan,5.4,7.5,327.0,2.5,312,2.4
2026-06-13 16:52,nan,7.8,9.7,342.0,3.5,330,3.5
2026-06-13 18:13,nan,8.0,9.7,338.0,3.3,341,3.6
2026-06-13 19:48,nan,8.4,10.4,342.0,3.2,338,3.8
2026-06-13 21:23,nan,8.0,9.2,324.0,4.1,321,3.6
2026-06-13 22:51,nan,8.9,10.3,299.0,4.1,271,4.0
2026-06-14 00:02,nan,7.7,9.4,289.0,3.0,276,3.5
2026-06-14 01:34,nan,7.8,9.2,263.0,3.3,239,3.5
2026-06-14 03:58,nan,9.3,10.5,232.0,7.3,217,5.9
2026-06-14 08:47,nan,9.4,11.1,178.0,8.1,168,4.2
2026-06-14 12:23,nan,4.7,5.8,127.0,1.0,125,2.1
2026-06-14 14:27,nan,4.0,5.0,68.0,0.7,59,1.8
2026-06-14 16:57,nan,7.0,8.2,76.0,1.3,71,3.1
2026-06-14 18:26,nan,6.9,8.2,67.0,1.2,67,3.1
2026-06-14 20:01,12.2,5.4,6.2,67.0,1.0,67,2.4
2026-06-14 22:00,nan,5.3,6.0,69.0,1.3,57,2.4
2026-06-14 23:22,12.4,6.2,7.4,64.0,1.8,55,2.8
2026-06-15 00:47,nan,6.5,7.5,68.0,1.4,53,2.9
2026-06-15 02:06,nan,5.9,7.4,71.0,1.1,53,2.7
2026-06-15 07:30,nan,4.4,5.6,29.0,1.3,29,2.0
2026-06-15 13:34,nan,5.4,6.3,71.0,2.6,65,2.4
2026-06-15 18:30,nan,3.8,4.6,141.0,0.0,148,1.7
2026-06-15 22:05,nan,1.8,2.3,81.0,0.4,38,0.8
2026-06-16 00:30,nan,2.8,3.1,108.0,0.0,38,1.3
2026-06-16 02:15,nan,3.5,4.0,65.0,0.3,38,1.6
2026-06-16 07:37,nan,1.0,1.4,18.0,0.9,359,0.5
2026-06-16 12:29,nan,5.1,5.7,201.0,4.0,166,3.2
2026-06-16 17:31,15.1,8.5,9.2,228.0,5.5,211,5.4
2026-06-16 21:05,nan,6.9,7.3,275.0,3.1,265,3.1
2026-06-16 23:49,nan,7.5,8.8,305.0,2.5,314,3.4
2026-06-17 01:22,14.6,6.9,8.2,301.0,3.1,304,3.1
2026-06-17 04:05,nan,8.3,10.6,308.0,6.0,319,3.7
2026-06-17 09:29,nan,9.9,12.1,286.0,4.7,279,4.5
2026-06-17 14:06,nan,9.2,11.1,312.0,4.9,292,4.1
2026-06-17 18:07,nan,8.4,10.8,333.0,3.5,345,3.8
2026-06-17 20:36,nan,8.1,9.3,317.0,3.0,300,3.6
2026-06-17 22:37,nan,5.8,6.5,295.0,2.2,305,2.6
2026-06-18 00:24,nan,7.8,8.9,296.0,3.0,287,3.5
2026-06-18 02:01,13.7,7.1,8.3,294.0,2.3,281,3.2
2026-06-18 07:07,nan,4.2,4.8,294.0,2.3,307,1.9
2026-06-18 11:48,nan,7.8,8.6,229.0,4.6,189,4.9
2026-06-18 14:50,nan,9.2,10.6,232.0,5.4,205,5.8
2026-06-18 18:29,nan,9.8,11.0,232.0,5.2,208,6.2
2026-06-18 21:04,nan,9.1,10.2,238.0,3.1,219,5.7
2026-06-18 23:30,nan,6.2,7.0,241.0,1.8,232,2.8
2026-06-19 01:22,13.1,5.3,5.9,258.0,1.3,247,2.4
2026-06-19 04:21,nan,4.2,4.6,316.0,3.0,346,1.9
2026-06-19 10:17,nan,5.4,5.8,207.0,3.8,171,3.4
2026-06-19 14:26,nan,7.6,8.4,223.0,6.3,199,4.8
2026-06-19 17:51,15.5,8.8,9.9,226.0,5.4,197,5.5
2026-06-19 19:55,nan,7.9,8.9,228.0,3.0,191,5.0
2026-06-19 21:48,nan,7.4,8.1,232.0,0.8,208,4.7
2026-06-19 23:09,nan,6.7,7.3,241.0,1.4,265,3.0
2026-06-20 00:14,nan,5.3,5.9,247.0,0.0,214,2.4
2026-06-20 01:17,nan,4.9,5.7,248.0,0.0,241,2.2
2026-06-20 03:33,nan,3.7,4.0,242.0,0.0,220,1.7
2026-06-20 08:01,nan,4.3,4.8,214.0,3.9,199,2.7
2026-06-20 11:44,nan,3.4,4.1,210.0,4.4,188,2.1
2026-06-20 13:55,nan,5.3,6.2,204.0,4.0,197,3.3
2026-06-20 15:59,nan,7.3,8.4,234.0,6.8,211,4.6
2026-06-20 17:49,nan,9.4,10.8,239.0,8.3,222,5.9
2026-06-20 19:25,nan,7.4,8.4,249.0,5.0,244,3.3
2026-06-20 20:58,nan,6.2,7.2,234.0,4.0,170,3.9
2026-06-20 22:19,nan,3.8,4.4,220.0,1.8,156,2.4
2026-06-20 23:42,nan,2.9,3.5,177.0,2.0,166,1.3
2026-06-21 01:06,nan,8.0,8.8,196.0,3.1,196,5.0
2026-06-21 03:41,14.9,3.5,4.0,233.0,3.7,196,2.2
2026-06-21 08:50,nan,8.1,9.0,225.0,5.0,181,5.1
2026-06-21 12:28,nan,8.9,9.8,220.0,5.9,192,5.6
2026-06-21 14:27,nan,9.3,10.5,228.0,5.6,196,5.9
2026-06-21 17:00,nan,9.8,11.0,227.0,4.9,196,6.2
2026-06-21 18:55,nan,9.8,11.2,227.0,5.2,196,6.2
2026-06-21 20:19,nan,8.5,9.4,234.0,0.2,201,5.4
2026-06-21 22:08,nan,3.7,4.6,292.0,3.5,294,1.7
2026-06-21 23:44,nan,6.4,7.2,311.0,3.4,312,2.9
2026-06-22 01:10,nan,8.1,9.6,325.0,3.3,339,3.6
2026-06-22 03:42,nan,6.1,7.3,349.0,4.3,351,2.7
2026-06-22 09:22,nan,4.0,4.6,7.0,5.0,337,1.8
2026-06-22 15:15,nan,6.4,7.3,223.0,0.1,94,4.0
2026-06-22 19:54,nan,10.4,12.2,320.0,3.6,326,4.7
2026-06-22 22:45,nan,7.0,9.0,309.0,5.0,299,3.1
2026-06-23 00:46,nan,7.1,8.5,305.0,3.3,294,3.2
2026-06-23 02:04,nan,8.4,9.6,307.0,3.3,280,3.8
2026-06-23 06:32,nan,5.1,5.9,301.0,2.3,282,2.3
2026-06-23 10:07,nan,6.4,7.6,294.0,3.9,289,2.9
2026-06-23 13:32,18.4,5.1,7.4,279.0,4.7,265,2.3
2026-06-23 16:02,nan,5.8,10.4,309.0,4.0,302,2.6
2026-06-23 18:44,nan,6.6,7.6,312.0,2.4,273,3.0
2026-06-23 21:08,nan,6.3,7.3,278.0,2.3,272,2.8
2026-06-23 23:08,nan,5.1,5.8,275.0,1.6,249,2.3
2026-06-24 00:40,nan,4.4,4.7,262.0,0.1,258,2.0
2026-06-24 01:40,nan,3.3,3.7,238.0,1.1,259,2.1
2026-06-24 05:27,nan,4.6,5.6,205.0,3.1,185,2.9
2026-06-24 09:01,13.7,7.1,8.1,191.0,4.8,179,4.5
2026-06-24 12:28,nan,2.1,2.6,265.0,1.4,13,0.9
2026-06-24 14:35,nan,3.6,4.6,6.0,1.6,356,1.6
2026-06-24 17:21,nan,4.5,5.1,209.0,3.6,189,2.8
2026-06-24 19:30,nan,4.9,5.3,218.0,2.2,163,3.1
2026-06-24 21:16,nan,4.1,4.7,237.0,0.0,157,2.6
2026-06-24 22:59,nan,5.0,5.6,269.0,0.7,157,2.2
2026-06-25 00:23,nan,5.9,6.3,268.0,0.2,263,2.7
2026-06-25 01:46,nan,3.8,4.3,288.0,1.5,279,1.7
2026-06-25 05:24,nan,5.4,6.1,311.0,1.6,317,2.4
2026-06-25 09:02,nan,3.2,3.9,299.0,2.2,282,1.4
2026-06-25 12:21,nan,6.6,7.5,225.0,5.1,184,4.2
2026-06-25 15:03,nan,8.6,9.4,226.0,6.3,200,5.4
2026-06-25 17:47,nan,8.0,9.5,231.0,5.4,197,5.0
2026-06-25 20:08,nan,4.8,5.5,249.0,0.6,203,2.2
2026-06-25 22:23,nan,3.1,3.6,220.0,0.3,204,2.0
2026-06-26 00:08,nan,3.9,4.4,273.0,1.9,289,1.8
2026-06-26 01:47,nan,6.3,7.5,311.0,3.1,306,2.8
2026-06-26 05:33,nan,4.2,4.9,305.0,2.2,300,1.9
2026-06-26 09:08,nan,3.9,4.6,253.0,2.1,285,1.8
2026-06-26 12:30,nan,3.5,4.0,264.0,4.1,294,1.6
2026-06-26 14:32,17.4,6.8,8.1,228.0,5.0,282,4.3
2026-06-26 17:14,nan,5.7,6.4,246.0,3.3,288,2.6
2026-06-26 19:11,nan,7.5,8.7,289.0,1.8,273,3.4
2026-06-26 21:07,nan,4.5,6.7,235.0,1.1,212,2.8
2026-06-26 22:57,nan,4.7,7.5,224.0,1.6,194,3.0
2026-06-27 00:16,nan,5.1,6.7,203.0,3.5,158,3.2
2026-06-27 01:37,nan,7.7,8.7,180.0,4.8,161,4.9
2026-06-27 03:32,15.2,6.2,7.0,222.0,1.0,200,3.9
2026-06-27 07:36,nan,4.8,5.4,283.0,2.8,312,2.2
2026-06-27 10:14,nan,5.3,5.9,311.0,2.7,349,2.4
2026-06-27 12:26,nan,3.5,5.0,215.0,1.9,228,2.2
2026-06-27 14:00,nan,6.7,7.3,200.0,4.7,161,4.2
2026-06-27 16:01,nan,6.4,7.2,219.0,1.0,158,4.0
2026-06-27 17:40,nan,4.2,5.9,222.0,2.6,293,2.6
2026-06-27 19:07,nan,5.6,5.9,228.0,1.3,310,3.5
2026-06-27 20:37,nan,4.5,5.1,239.0,0.2,166,2.8
2026-06-27 21:55,nan,3.7,4.2,248.0,0.0,166,1.7
2026-06-27 23:02,nan,3.8,4.1,253.0,0.0,166,1.7
2026-06-28 00:30,nan,1.9,2.6,306.0,0.0,166,0.9
2026-06-28 01:38,nan,1.4,1.9,317.0,0.0,166,0.6
2026-06-28 03:50,nan,2.7,2.9,70.0,0.0,166,1.2
2026-06-28 08:16,nan,4.5,4.7,197.0,0.0,173,2.8
2026-06-28 11:36,nan,3.6,4.5,145.0,0.0,218,1.6
2026-06-28 13:23,nan,4.5,5.3,167.0,0.0,162,2.0
2026-06-28 15:03,nan,5.1,5.6,167.0,0.0,159,2.3
2026-06-28 16:58,nan,3.3,4.3,210.0,2.1,223,2.1
2026-06-28 19:38,nan,9.3,11.3,202.0,2.6,177,5.9
2026-06-28 20:49,nan,5.9,7.2,215.0,2.6,177,3.7
2026-06-28 22:11,nan,6.8,7.9,240.0,2.6,177,4.3
2026-06-28 23:31,nan,6.8,7.6,233.0,2.6,177,4.3
2026-06-29 00:41,nan,6.9,7.8,232.0,2.6,177,4.3
2026-06-29 02:07,nan,7.1,8.1,237.0,2.6,177,4.5
2026-06-29 07:02,16.8,5.8,7.1,354.0,2.0,206,2.6
2026-06-29 12:00,nan,6.3,7.5,212.0,2.0,206,4.0
2026-06-29 16:14,nan,6.5,7.4,224.0,3.6,174,4.1
2026-06-29 19:13,17.4,6.7,7.1,228.0,3.1,163,4.2
2026-06-29 21:16,nan,5.1,5.4,202.0,2.4,162,3.2
2026-06-29 22:59,nan,5.5,6.3,204.0,2.2,169,3.5
2026-06-30 00:15,nan,5.3,6.0,210.0,2.1,157,3.3
2026-06-30 01:18,nan,4.7,5.2,212.0,2.4,168,3.0
2026-06-30 03:28,nan,5.2,5.9,237.0,1.4,212,3.3
2026-06-30 07:52,17.6,5.3,6.3,246.0,1.7,236,2.4
2026-06-30 11:31,18.1,8.2,9.1,223.0,2.5,286,5.2
2026-06-30 13:59,nan,7.8,8.8,223.0,4.1,201,4.9
2026-06-30 16:36,nan,4.9,5.2,235.0,2.8,196,3.1
2026-06-30 18:52,22.1,2.6,3.9,348.0,2.6,336,1.2
2026-06-30 20:54,nan,5.3,6.0,314.0,2.3,326,2.4
2026-06-30 22:56,nan,5.2,6.0,319.0,2.4,344,2.3
2026-07-01 00:14,nan,4.8,5.3,333.0,1.3,348,2.2
2026-07-01 01:39,nan,5.0,5.3,2.0,2.3,357,2.2
2026-07-01 03:55,nan,3.4,4.0,27.0,0.5,3,1.5
2026-07-01 08:26,nan,5.8,6.6,74.0,0.9,75,2.6
2026-07-01 12:31,nan,4.8,5.6,62.0,0.6,56,2.2
2026-07-01 15:21,nan,5.5,7.0,102.0,0.7,101,2.5
2026-07-01 18:09,nan,4.4,5.6,80.0,0.8,89,2.0
2026-07-01 20:18,nan,3.4,4.4,61.0,1.4,70,1.5
2026-07-01 22:18,nan,4.2,4.8,33.0,0.6,44,1.9
2026-07-01 23:53,nan,6.5,8.0,60.0,1.9,47,2.9
2026-07-02 01:13,nan,9.7,11.3,80.0,1.7,58,4.4
2026-07-02 03:26,nan,6.7,8.3,116.0,0.7,42,3.0
2026-07-02 07:40,nan,1.1,1.3,337.0,1.0,158,0.5
2026-07-02 10:33,nan,4.1,5.9,8.0,0.8,353,1.8
2026-07-02 13:15,nan,4.0,4.6,94.0,0.6,21,1.8
2026-07-02 15:10,nan,4.5,4.9,171.0,3.7,167,2.0
2026-07-02 17:34,nan,2.4,3.5,214.0,1.0,201,1.5
2026-07-02 19:14,nan,3.9,4.6,185.0,2.6,166,2.5
2026-07-02 20:50,nan,4.0,4.5,198.0,3.0,178,2.5
2026-07-02 22:17,nan,4.2,4.9,184.0,0.7,163,2.6
2026-07-02 23:36,nan,1.4,2.2,163.0,0.3,171,0.6
2026-07-03 00:43,nan,3.1,3.9,201.0,1.4,163,2.0
2026-07-03 02:04,nan,3.2,3.8,205.0,1.2,208,2.0
2026-07-03 06:11,16.7,6.9,8.0,150.0,1.4,137,3.1
2026-07-03 09:41,nan,5.1,6.6,106.0,1.1,103,2.3
2026-07-03 12:33,nan,7.8,9.1,162.0,1.1,162,3.5
2026-07-03 14:29,nan,6.4,7.2,139.0,1.5,148,2.9
2026-07-03 16:56,nan,4.6,5.2,109.0,0.2,92,2.1
2026-07-03 18:25,nan,2.9,3.4,179.0,0.4,67,1.3
2026-07-03 20:00,nan,3.0,4.0,82.0,0.2,78,1.4
2026-07-03 21:52,nan,1.5,2.2,203.0,1.3,153,0.9
2026-07-03 23:03,nan,2.5,3.0,187.0,0.6,153,1.6
2026-07-04 00:17,nan,1.6,1.9,245.0,0.1,153,0.7
2026-07-04 01:30,nan,0.9,1.3,360.0,0.0,153,0.4
2026-07-04 03:12,15.3,1.4,1.7,130.0,0.0,153,0.6
2026-07-04 06:54,nan,3.1,3.9,21.0,0.2,350,1.4
2026-07-04 09:44,nan,0.8,1.5,87.0,1.7,151,0.4
2026-07-04 12:08,nan,3.6,4.3,8.0,2.2,350,1.6
2026-07-04 13:47,nan,1.7,2.4,134.0,1.0,14,0.8
2026-07-04 15:21,19.3,2.0,2.5,153.0,2.6,167,0.9
2026-07-04 16:51,nan,3.7,4.3,251.0,2.0,194,1.7
2026-07-04 18:00,nan,4.4,5.5,260.0,3.5,287,2.0
